nivel;municipio;zona;bairro;local;secao;votos;pct_validos;colocacao
MUNICIPIO;Campos dos Goytacazes;;;;;24860;9,49%;1
ZONA;Campos dos Goytacazes;076;;;;6862;10,58%;1
ZONA;Campos dos Goytacazes;075;;;;6334;9,57%;1
ZONA;Campos dos Goytacazes;129;;;;6024;8,82%;1
ZONA;Campos dos Goytacazes;098;;;;5640;7,78%;1
BAIRRO;Campos dos Goytacazes;;Goitacazes;;;3941;18,58%;1
BAIRRO;Campos dos Goytacazes;;Parque Guarus;;;2539;16,14%;1
BAIRRO;Campos dos Goytacazes;;Centro;;;2423;8,94%;2
BAIRRO;Campos dos Goytacazes;;Jardim Carioca;;;2331;14,34%;1
BAIRRO;Campos dos Goytacazes;;Parque Califórnia;;;863;5,70%;4
BAIRRO;Campos dos Goytacazes;;Parque Leopoldina;;;843;12,39%;1
BAIRRO;Campos dos Goytacazes;;Ururaí;;;758;18,49%;1
BAIRRO;Campos dos Goytacazes;;Parque Aurora;;;755;9,84%;2
BAIRRO;Campos dos Goytacazes;;Travessão;;;681;7,76%;5
BAIRRO;Campos dos Goytacazes;;Parque Eldorado;;;658;16,47%;1
BAIRRO;Campos dos Goytacazes;;Pelinca;;;646;9,43%;2
BAIRRO;Campos dos Goytacazes;;Parque São Caetano;;;644;7,76%;3
BAIRRO;Campos dos Goytacazes;;Morro do Coco;;;612;16,89%;1
BAIRRO;Campos dos Goytacazes;;Goytacazes;;;587;17,08%;1
BAIRRO;Campos dos Goytacazes;;Santo Eduardo;;;571;15,86%;1
BAIRRO;Campos dos Goytacazes;;Tocos;;;551;7,82%;5
BAIRRO;Campos dos Goytacazes;;Dores de Macabu;;;546;11,99%;1
BAIRRO;Campos dos Goytacazes;;Parque Tamandaré;;;545;15,72%;1
BAIRRO;Campos dos Goytacazes;;Parque Jockey Club;;;542;19,77%;1
BAIRRO;Campos dos Goytacazes;;Parque Santo Amaro;;;487;16,64%;1
BAIRRO;Campos dos Goytacazes;;Lapa;;;480;11,67%;1
BAIRRO;Campos dos Goytacazes;;Parque Rosário;;;458;7,30%;5
BAIRRO;Campos dos Goytacazes;;Vila da Rainha;;;420;19,25%;1
BAIRRO;Campos dos Goytacazes;;Murundu;;;419;11,27%;1
BAIRRO;Campos dos Goytacazes;;Ibitioca;;;400;18,94%;1
BAIRRO;Campos dos Goytacazes;;Mussurepe;;;392;19,74%;1
BAIRRO;Campos dos Goytacazes;;Parque Prazeres;;;388;19,22%;1
BAIRRO;Campos dos Goytacazes;;São Sebastião;;;380;9,98%;2
LOCAL;Campos dos Goytacazes;129;Centro;"E.E. PROFESSORA ANA MARIA DE SOUZA";;1032;15,59%;1
LOCAL;Campos dos Goytacazes;098;Goitacazes;"CIEP 101 – BRIZOLÃO EXEMPLO";;1021;18,41%;1
LOCAL;Campos dos Goytacazes;076;Goitacazes;"COLÉGIO ESTADUAL MODELO";;934;20,58%;1
LOCAL;Campos dos Goytacazes;129;Parque Guarus;"E.M. JOSÉ ALVES PEREIRA";;922;13,90%;1
LOCAL;Campos dos Goytacazes;076;Parque Guarus;"ESCOLA TÉCNICA MUNICIPAL CENTRAL";;912;16,31%;1
LOCAL;Campos dos Goytacazes;076;Goitacazes;"C.E. DOUTOR PAULO RIBEIRO";;873;14,79%;1
LOCAL;Campos dos Goytacazes;075;Parque Califórnia;"E.M. MARIA DA PENHA LIMA";;737;14,88%;1
LOCAL;Campos dos Goytacazes;075;Parque Leopoldina;"INSTITUTO DE EDUCAÇÃO NORTE";;734;17,45%;1
LOCAL;Campos dos Goytacazes;129;Parque Aurora;"EMEI CRIANÇA FELIZ";;733;14,03%;1
LOCAL;Campos dos Goytacazes;129;Jardim Carioca;"C.M. PREFEITO ANTÔNIO CARLOS";;713;15,18%;1
LOCAL;Campos dos Goytacazes;076;Centro;"E.E. VEREADOR JOÃO BATISTA";;706;14,40%;1
LOCAL;Campos dos Goytacazes;129;Parque Guarus;"CIEP 245 – PARQUE GUARUS";;702;20,99%;1
LOCAL;Campos dos Goytacazes;076;Jardim Carioca;"COLÉGIO MUNICIPAL ESPERANÇA";;693;17,55%;1
LOCAL;Campos dos Goytacazes;075;Goitacazes;"E.M. SÃO JOSÉ OPERÁRIO";;688;20,07%;1
LOCAL;Campos dos Goytacazes;076;Jardim Carioca;"ESCOLA ESTADUAL SANTA RITA";;665;21,00%;1
LOCAL;Campos dos Goytacazes;098;Parque Eldorado;"C.E. PROFESSOR LUIZ COSTA";;638;11,29%;2
LOCAL;Campos dos Goytacazes;075;Pelinca;"E.M. NOSSA SENHORA DA PAZ";;622;15,56%;1
LOCAL;Campos dos Goytacazes;098;Centro;"UNIDADE ESCOLAR DO CENTRO";;543;21,02%;1
LOCAL;Campos dos Goytacazes;098;Parque São Caetano;"E.M. PROFESSORA HELENA DIAS";;503;19,55%;1
LOCAL;Campos dos Goytacazes;075;Morro do Coco;"COLÉGIO ESTADUAL DO LITORAL";;480;9,54%;2
LOCAL;Campos dos Goytacazes;098;Travessão;"E.M. RURAL DE TRAVESSÃO";;426;9,32%;2
LOCAL;Campos dos Goytacazes;129;Goitacazes;"C.M. GOITACÁ";;417;13,89%;1
LOCAL;Campos dos Goytacazes;075;Goytacazes;"EMEI VOVÓ LUZIA";;362;8,62%;3
LOCAL;Campos dos Goytacazes;098;Santo Eduardo;"E.E. MARECHAL RONDON";;290;11,02%;2
LOCAL;Campos dos Goytacazes;075;Ururaí;"CIEP 302 – URURAÍ";;278;8,63%;3
LOCAL;Campos dos Goytacazes;076;Ibitioca;"CIEP 1846 – IBITIOCA";;89;13,24%;1
LOCAL;Campos dos Goytacazes;076;Parque Tamandaré;"CIEP 271 – PARQUE TAMANDARÉ";;84;13,40%;1
LOCAL;Campos dos Goytacazes;076;Murundu;"CIEP 1552 – MURUNDU";;74;10,31%;1
LOCAL;Campos dos Goytacazes;098;Morro do Coco;"E.M. MONTEIRO LOBATO";;70;9,72%;1
LOCAL;Campos dos Goytacazes;129;Centro;"E.E. MARIA DAS GRAÇAS";;67;10,93%;1
LOCAL;Campos dos Goytacazes;075;Ururaí;"COLÉGIO MUNICIPAL PROFª LÚCIA MOTA";;67;12,27%;1
LOCAL;Campos dos Goytacazes;076;Santo Eduardo;"E.M. RUI BARBOSA";;67;9,31%;1
LOCAL;Campos dos Goytacazes;098;Parque Santo Amaro;"CIEP 481 – PARQUE SANTO AMARO";;66;10,78%;1
LOCAL;Campos dos Goytacazes;129;Parque Tamandaré;"C.M. SÃO FRANCISCO";;63;9,24%;1
LOCAL;Campos dos Goytacazes;075;São Sebastião;"CIEP 2665 – SÃO SEBASTIÃO";;63;13,64%;1
LOCAL;Campos dos Goytacazes;076;Parque Leopoldina;"C.E. PADRE ANCHIETA";;62;11,25%;1
LOCAL;Campos dos Goytacazes;098;Murundu;"CIEP 1573 – MURUNDU";;62;12,97%;1
LOCAL;Campos dos Goytacazes;129;Parque Tamandaré;"E.E. DONA ROSA";;61;7,57%;1
LOCAL;Campos dos Goytacazes;075;Parque Rosário;"CIEP 943 – PARQUE ROSÁRIO";;61;8,38%;1
LOCAL;Campos dos Goytacazes;076;Goytacazes;"COLÉGIO MUNICIPAL PROFª ALICE SOUZA";;58;12,89%;1
LOCAL;Campos dos Goytacazes;098;Parque Rosário;"CIEP 964 – PARQUE ROSÁRIO";;58;10,78%;1
LOCAL;Campos dos Goytacazes;129;Jardim Carioca;"C.M. JOSÉ DA SILVA";;57;10,20%;1
LOCAL;Campos dos Goytacazes;075;Parque Santo Amaro;"C.M. SANTA TEREZINHA";;57;10,96%;1
LOCAL;Campos dos Goytacazes;076;Lapa;"CIEP 628 – LAPA";;57;8,76%;1
LOCAL;Campos dos Goytacazes;098;Vila da Rainha;"CIEP 1258 – VILA DA RAINHA";;57;9,93%;1
LOCAL;Campos dos Goytacazes;129;Travessão;"CIEP 145 – TRAVESSÃO";;56;7,79%;1
LOCAL;Campos dos Goytacazes;075;Santo Eduardo;"E.E. NOSSA SENHORA DAS DORES";;56;9,61%;1
LOCAL;Campos dos Goytacazes;076;Parque Jockey Club;"ESCOLA ESTADUAL DR. HÉLIO FARIA";;56;6,57%;1
LOCAL;Campos dos Goytacazes;098;Dores de Macabu;"C.E. JOSÉ DA SILVA";;55;7,94%;1
LOCAL;Campos dos Goytacazes;129;Parque Santo Amaro;"CIEP 502 – PARQUE SANTO AMARO";;55;10,96%;1
LOCAL;Campos dos Goytacazes;075;Lapa;"EMEI PROF. RAUL CAMPOS";;55;8,20%;1
LOCAL;Campos dos Goytacazes;076;Parque Prazeres;"CIEP 2392 – PARQUE PRAZERES";;54;10,11%;1
LOCAL;Campos dos Goytacazes;098;Goytacazes;"C.M. RUI BARBOSA";;53;11,11%;1
LOCAL;Campos dos Goytacazes;129;Tocos;"ESCOLA ESTADUAL MACHADO DE ASSIS";;53;10,60%;1
LOCAL;Campos dos Goytacazes;075;Vila da Rainha;"CIEP 1279 – VILA DA RAINHA";;53;11,78%;1
LOCAL;Campos dos Goytacazes;076;Mussurepe;"CIEP 2119 – MUSSUREPE";;53;11,50%;1
LOCAL;Campos dos Goytacazes;098;Mussurepe;"CIEP 2140 – MUSSUREPE";;53;7,32%;1
LOCAL;Campos dos Goytacazes;129;Jardim Carioca;"E.M. MARIA DAS GRAÇAS";;52;7,00%;1
LOCAL;Campos dos Goytacazes;075;Travessão;"COLÉGIO MUNICIPAL TIRADENTES";;52;9,20%;1
LOCAL;Campos dos Goytacazes;076;Tocos;"C.M. PROFª ALICE SOUZA";;52;9,65%;1
LOCAL;Campos dos Goytacazes;098;Parque Tamandaré;"EMEI DONA ROSA";;52;10,40%;1
LOCAL;Campos dos Goytacazes;129;Parque Jockey Club;"C.M. DR. HÉLIO FARIA";;52;10,18%;1
LOCAL;Campos dos Goytacazes;075;Mussurepe;"CIEP 2161 – MUSSUREPE";;52;10,24%;1
LOCAL;Campos dos Goytacazes;076;São Sebastião;"CIEP 2686 – SÃO SEBASTIÃO";;52;10,66%;1
LOCAL;Campos dos Goytacazes;098;Parque São Caetano;"C.E. CECÍLIA MEIRELES";;51;7,08%;1
LOCAL;Campos dos Goytacazes;129;Tocos;"E.M. SANTA TEREZINHA";;51;7,89%;1
LOCAL;Campos dos Goytacazes;075;Mussurepe;"CIEP 2182 – MUSSUREPE";;51;10,52%;1
LOCAL;Campos dos Goytacazes;076;Parque Jockey Club;"C.E. PROF. RAUL CAMPOS";;50;8,32%;1
LOCAL;Campos dos Goytacazes;098;Parque Rosário;"CIEP 985 – PARQUE ROSÁRIO";;50;9,96%;1
LOCAL;Campos dos Goytacazes;129;São Sebastião;"CIEP 2707 – SÃO SEBASTIÃO";;50;8,28%;1
LOCAL;Campos dos Goytacazes;075;Travessão;"ESCOLA ESTADUAL TIRADENTES";;49;9,78%;1
LOCAL;Campos dos Goytacazes;076;Dores de Macabu;"COLÉGIO MUNICIPAL JOSÉ DA SILVA";;49;8,60%;1
LOCAL;Campos dos Goytacazes;098;Parque Santo Amaro;"E.E. JOSÉ DA SILVA";;49;10,25%;1
LOCAL;Campos dos Goytacazes;129;Vila da Rainha;"CIEP 1300 – VILA DA RAINHA";;49;8,60%;1
LOCAL;Campos dos Goytacazes;075;Ibitioca;"CIEP 1867 – IBITIOCA";;49;12,19%;1
LOCAL;Campos dos Goytacazes;076;Parque Prazeres;"CIEP 2413 – PARQUE PRAZERES";;49;13,61%;1
LOCAL;Campos dos Goytacazes;098;Ururaí;"ESCOLA ESTADUAL SÃO FRANCISCO";;48;15,19%;1
LOCAL;Campos dos Goytacazes;129;Parque São Caetano;"CIEP 166 – PARQUE SÃO CAETANO";;48;8,42%;1
LOCAL;Campos dos Goytacazes;075;Tocos;"C.E. SANTA TEREZINHA";;48;13,79%;1
LOCAL;Campos dos Goytacazes;076;Lapa;"CIEP 649 – LAPA";;48;8,42%;1
LOCAL;Campos dos Goytacazes;098;Lapa;"CIEP 670 – LAPA";;48;12,77%;1
LOCAL;Campos dos Goytacazes;129;Ibitioca;"CIEP 1888 – IBITIOCA";;48;13,75%;1
LOCAL;Campos dos Goytacazes;075;Parque Califórnia;"C.E. ANTÔNIO PEREIRA";;47;14,51%;1
LOCAL;Campos dos Goytacazes;076;Lapa;"CIEP 691 – LAPA";;47;6,82%;1
LOCAL;Campos dos Goytacazes;098;Mussurepe;"CIEP 2203 – MUSSUREPE";;47;9,81%;1
LOCAL;Campos dos Goytacazes;129;Centro;"CIEP 103 – CENTRO";;46;6,68%;1
LOCAL;Campos dos Goytacazes;075;Ururaí;"C.M. DR. CARLOS NUNES";;46;8,78%;1
LOCAL;Campos dos Goytacazes;076;Tocos;"E.E. VEREADOR PAULO MELO";;46;11,86%;1
LOCAL;Campos dos Goytacazes;098;Dores de Macabu;"ESCOLA ESTADUAL JOSÉ DA SILVA";;46;10,41%;1
LOCAL;Campos dos Goytacazes;129;Parque Jockey Club;"EMEI JOSÉ DA SILVA";;46;8,07%;1
LOCAL;Campos dos Goytacazes;075;Ururaí;"E.M. PROF. JOÃO ROCHA";;45;14,85%;1
LOCAL;Campos dos Goytacazes;076;Dores de Macabu;"C.M. PROF. RAUL CAMPOS";;45;8,02%;1
LOCAL;Campos dos Goytacazes;098;Parque Prazeres;"CIEP 2434 – PARQUE PRAZERES";;45;12,71%;1
LOCAL;Campos dos Goytacazes;129;Parque Tamandaré;"CIEP 292 – PARQUE TAMANDARÉ";;44;14,67%;1
LOCAL;Campos dos Goytacazes;075;Goytacazes;"E.M. PROFª ALICE SOUZA";;43;11,44%;1
LOCAL;Campos dos Goytacazes;076;Murundu;"CIEP 1594 – MURUNDU";;43;14,33%;1
LOCAL;Campos dos Goytacazes;098;Murundu;"CIEP 1615 – MURUNDU";;43;9,15%;1
LOCAL;Campos dos Goytacazes;129;Jardim Carioca;"C.E. MARIA DAS GRAÇAS";;42;8,94%;1
LOCAL;Campos dos Goytacazes;075;Dores de Macabu;"E.E. DR. HÉLIO FARIA";;42;10,74%;1
LOCAL;Campos dos Goytacazes;076;São Sebastião;"CIEP 2728 – SÃO SEBASTIÃO";;42;12,65%;1
LOCAL;Campos dos Goytacazes;098;Murundu;"CIEP 1636 – MURUNDU";;41;12,93%;1
LOCAL;Campos dos Goytacazes;129;Tocos;"EMEI VEREADOR PAULO MELO";;40;10,61%;1
LOCAL;Campos dos Goytacazes;075;Parque Rosário;"CIEP 1006 – PARQUE ROSÁRIO";;40;11,49%;1
LOCAL;Campos dos Goytacazes;076;Vila da Rainha;"CIEP 1321 – VILA DA RAINHA";;40;11,80%;1
LOCAL;Campos dos Goytacazes;098;Parque Prazeres;"CIEP 2455 – PARQUE PRAZERES";;40;5,05%;2
LOCAL;Campos dos Goytacazes;129;Lapa;"CIEP 712 – LAPA";;39;10,66%;1
LOCAL;Campos dos Goytacazes;075;Dores de Macabu;"CIEP 229 – DORES DE MACABU";;38;12,67%;1
LOCAL;Campos dos Goytacazes;076;Parque Santo Amaro;"CIEP 523 – PARQUE SANTO AMARO";;38;12,67%;1
LOCAL;Campos dos Goytacazes;098;Parque Prazeres;"CIEP 2476 – PARQUE PRAZERES";;38;9,64%;1
LOCAL;Campos dos Goytacazes;129;São Sebastião;"CIEP 2749 – SÃO SEBASTIÃO";;38;11,95%;1
LOCAL;Campos dos Goytacazes;075;Ururaí;"C.E. PROF. JOÃO ROCHA";;37;11,28%;1
LOCAL;Campos dos Goytacazes;076;Parque Rosário;"CIEP 1027 – PARQUE ROSÁRIO";;37;7,01%;1
LOCAL;Campos dos Goytacazes;098;Vila da Rainha;"CIEP 1342 – VILA DA RAINHA";;37;8,37%;1
LOCAL;Campos dos Goytacazes;129;São Sebastião;"CIEP 2770 – SÃO SEBASTIÃO";;37;9,66%;1
LOCAL;Campos dos Goytacazes;075;Dores de Macabu;"ESCOLA ESTADUAL MARIA DAS GRAÇAS";;36;6,21%;1
LOCAL;Campos dos Goytacazes;076;Parque Jockey Club;"CIEP 376 – PARQUE JOCKEY CLUB";;36;6,32%;1
LOCAL;Campos dos Goytacazes;098;Parque Santo Amaro;"C.E. DR. CARLOS NUNES";;36;11,29%;1
LOCAL;Campos dos Goytacazes;075;Tocos;"COLÉGIO MUNICIPAL NOSSA SENHORA DAS DORES";;35;8,79%;1
LOCAL;Campos dos Goytacazes;129;Parque Jockey Club;"C.M. ANTÔNIO PEREIRA";;35;9,23%;1
LOCAL;Campos dos Goytacazes;076;Ururaí;"E.E. PROF. JOÃO ROCHA";;34;8,08%;1
LOCAL;Campos dos Goytacazes;098;Ururaí;"ESCOLA ESTADUAL PROF. JOÃO ROCHA";;34;10,53%;1
LOCAL;Campos dos Goytacazes;075;Santo Eduardo;"CIEP 187 – SANTO EDUARDO";;34;7,96%;1
LOCAL;Campos dos Goytacazes;129;Tocos;"ESCOLA ESTADUAL VEREADOR PAULO MELO";;34;7,54%;1
LOCAL;Campos dos Goytacazes;076;Parque Jockey Club;"E.M. JOSÉ DA SILVA";;34;7,30%;1
LOCAL;Campos dos Goytacazes;098;Parque Jockey Club;"EMEI MARIA DAS GRAÇAS";;34;8,83%;1
LOCAL;Campos dos Goytacazes;075;Jardim Carioca;"E.E. PROFª LÚCIA MOTA";;33;11,00%;1
LOCAL;Campos dos Goytacazes;129;Parque Jockey Club;"COLÉGIO MUNICIPAL ANTÔNIO PEREIRA";;33;7,52%;1
LOCAL;Campos dos Goytacazes;076;Parque Santo Amaro;"CIEP 544 – PARQUE SANTO AMARO";;33;7,48%;1
LOCAL;Campos dos Goytacazes;098;Lapa;"CIEP 733 – LAPA";;33;9,85%;1
LOCAL;Campos dos Goytacazes;075;Goytacazes;"C.E. NOSSA SENHORA DAS DORES";;32;7,08%;1
LOCAL;Campos dos Goytacazes;129;Parque Jockey Club;"CIEP 397 – PARQUE JOCKEY CLUB";;32;8,53%;1
LOCAL;Campos dos Goytacazes;076;Mussurepe;"CIEP 2224 – MUSSUREPE";;32;10,67%;1
LOCAL;Campos dos Goytacazes;098;Morro do Coco;"C.E. RUI BARBOSA";;31;10,33%;1
LOCAL;Campos dos Goytacazes;075;Dores de Macabu;"E.E. ANTÔNIO PEREIRA";;31;10,33%;1
LOCAL;Campos dos Goytacazes;129;Parque Jockey Club;"E.E. PADRE ANCHIETA";;31;7,60%;1
LOCAL;Campos dos Goytacazes;076;Lapa;"CIEP 754 – LAPA";;31;10,33%;1
LOCAL;Campos dos Goytacazes;098;Parque Rosário;"CIEP 1048 – PARQUE ROSÁRIO";;31;9,48%;1
LOCAL;Campos dos Goytacazes;075;Parque Califórnia;"EMEI DR. CARLOS NUNES";;30;9,06%;1
LOCAL;Campos dos Goytacazes;129;Travessão;"C.E. MONTEIRO LOBATO";;30;9,38%;1
LOCAL;Campos dos Goytacazes;076;Tocos;"C.M. MACHADO DE ASSIS";;30;10,00%;1
LOCAL;Campos dos Goytacazes;098;Vila da Rainha;"CIEP 1363 – VILA DA RAINHA";;30;5,42%;1
LOCAL;Campos dos Goytacazes;075;Vila da Rainha;"CIEP 1384 – VILA DA RAINHA";;30;10,00%;1
LOCAL;Campos dos Goytacazes;129;Mussurepe;"CIEP 2245 – MUSSUREPE";;30;10,00%;1
LOCAL;Campos dos Goytacazes;076;Parque Prazeres;"CIEP 2497 – PARQUE PRAZERES";;30;10,00%;1
LOCAL;Campos dos Goytacazes;098;Parque Califórnia;"COLÉGIO MUNICIPAL SÃO FRANCISCO";;29;9,12%;1
LOCAL;Campos dos Goytacazes;075;Ururaí;"C.M. PROF. JOÃO ROCHA";;29;8,48%;1
LOCAL;Campos dos Goytacazes;129;Ururaí;"E.M. PADRE ANCHIETA";;29;7,11%;1
LOCAL;Campos dos Goytacazes;076;Dores de Macabu;"EMEI DR. HÉLIO FARIA";;29;8,63%;1
LOCAL;Campos dos Goytacazes;098;Parque Rosário;"CIEP 1069 – PARQUE ROSÁRIO";;29;9,67%;1
LOCAL;Campos dos Goytacazes;075;Vila da Rainha;"CIEP 1405 – VILA DA RAINHA";;29;7,75%;1
LOCAL;Campos dos Goytacazes;129;Ibitioca;"CIEP 1909 – IBITIOCA";;29;7,77%;1
LOCAL;Campos dos Goytacazes;076;Parque Leopoldina;"E.E. DR. CARLOS NUNES";;28;9,00%;1
LOCAL;Campos dos Goytacazes;098;Travessão;"EMEI TIRADENTES";;28;9,33%;1
LOCAL;Campos dos Goytacazes;075;Santo Eduardo;"ESCOLA ESTADUAL PROFª ALICE SOUZA";;28;7,24%;1
LOCAL;Campos dos Goytacazes;129;Tocos;"E.M. PROF. RAUL CAMPOS";;28;9,33%;1
LOCAL;Campos dos Goytacazes;076;Parque Rosário;"CIEP 1090 – PARQUE ROSÁRIO";;28;8,46%;1
LOCAL;Campos dos Goytacazes;098;Tocos;"C.E. MACHADO DE ASSIS";;27;9,00%;1
LOCAL;Campos dos Goytacazes;075;Parque Santo Amaro;"EMEI PADRE ANCHIETA";;27;9,00%;1
LOCAL;Campos dos Goytacazes;129;Lapa;"CIEP 775 – LAPA";;27;6,21%;1
LOCAL;Campos dos Goytacazes;076;Parque Rosário;"CIEP 1111 – PARQUE ROSÁRIO";;27;5,26%;2
LOCAL;Campos dos Goytacazes;098;Parque Prazeres;"CIEP 2518 – PARQUE PRAZERES";;27;9,00%;1
LOCAL;Campos dos Goytacazes;075;Jardim Carioca;"EMEI PROFª LÚCIA MOTA";;26;8,47%;1
LOCAL;Campos dos Goytacazes;129;Parque São Caetano;"COLÉGIO MUNICIPAL RUI BARBOSA";;26;8,67%;1
LOCAL;Campos dos Goytacazes;076;Vila da Rainha;"CIEP 1426 – VILA DA RAINHA";;26;7,41%;1
LOCAL;Campos dos Goytacazes;098;Dores de Macabu;"EMEI ANTÔNIO PEREIRA";;25;7,74%;1
LOCAL;Campos dos Goytacazes;075;Murundu;"CIEP 1657 – MURUNDU";;25;5,40%;1
LOCAL;Campos dos Goytacazes;129;Parque Prazeres;"CIEP 2539 – PARQUE PRAZERES";;25;8,33%;1
LOCAL;Campos dos Goytacazes;076;Ururaí;"C.E. DONA ROSA";;24;8,00%;1
LOCAL;Campos dos Goytacazes;098;Pelinca;"E.M. CECÍLIA MEIRELES";;24;8,00%;1
LOCAL;Campos dos Goytacazes;075;Santo Eduardo;"C.M. VEREADOR PAULO MELO";;24;7,50%;1
LOCAL;Campos dos Goytacazes;129;Dores de Macabu;"CIEP 250 – DORES DE MACABU";;24;6,43%;1
LOCAL;Campos dos Goytacazes;076;Parque Rosário;"CIEP 1132 – PARQUE ROSÁRIO";;24;6,40%;1
LOCAL;Campos dos Goytacazes;098;Murundu;"CIEP 1678 – MURUNDU";;24;8,00%;1
LOCAL;Campos dos Goytacazes;075;Ibitioca;"CIEP 1930 – IBITIOCA";;24;8,00%;1
LOCAL;Campos dos Goytacazes;129;Dores de Macabu;"ESCOLA ESTADUAL ANTÔNIO PEREIRA";;23;7,67%;1
LOCAL;Campos dos Goytacazes;076;Parque Santo Amaro;"EMEI PROF. JOÃO ROCHA";;23;7,32%;1
LOCAL;Campos dos Goytacazes;129;Ibitioca;"CIEP 1951 – IBITIOCA";;23;4,29%;2
LOCAL;Campos dos Goytacazes;098;Ibitioca;"CIEP 1972 – IBITIOCA";;23;6,27%;1
LOCAL;Campos dos Goytacazes;075;Parque Prazeres;"CIEP 2560 – PARQUE PRAZERES";;23;7,67%;1
LOCAL;Campos dos Goytacazes;076;Parque Prazeres;"CIEP 2581 – PARQUE PRAZERES";;23;7,67%;1
LOCAL;Campos dos Goytacazes;129;Parque Aurora;"E.E. TIRADENTES";;22;7,33%;1
LOCAL;Campos dos Goytacazes;098;Santo Eduardo;"E.M. VEREADOR PAULO MELO";;22;7,33%;1
LOCAL;Campos dos Goytacazes;075;Tocos;"E.E. PROF. RAUL CAMPOS";;22;7,33%;1
LOCAL;Campos dos Goytacazes;076;Parque Tamandaré;"COLÉGIO MUNICIPAL PROF. JOÃO ROCHA";;22;6,98%;1
LOCAL;Campos dos Goytacazes;129;Parque Tamandaré;"E.E. MONTEIRO LOBATO";;22;7,33%;1
LOCAL;Campos dos Goytacazes;098;Parque Santo Amaro;"CIEP 565 – PARQUE SANTO AMARO";;22;7,33%;1
LOCAL;Campos dos Goytacazes;075;Parque Rosário;"CIEP 1153 – PARQUE ROSÁRIO";;22;7,33%;1
LOCAL;Campos dos Goytacazes;076;Vila da Rainha;"CIEP 1447 – VILA DA RAINHA";;22;7,33%;1
LOCAL;Campos dos Goytacazes;129;Ibitioca;"CIEP 1993 – IBITIOCA";;22;5,03%;2
LOCAL;Campos dos Goytacazes;098;Tocos;"CIEP 208 – TOCOS";;21;4,65%;2
LOCAL;Campos dos Goytacazes;075;Dores de Macabu;"C.M. MARIA DAS GRAÇAS";;21;7,00%;1
LOCAL;Campos dos Goytacazes;076;Parque Tamandaré;"COLÉGIO MUNICIPAL CECÍLIA MEIRELES";;21;6,31%;1
LOCAL;Campos dos Goytacazes;098;Parque Rosário;"CIEP 1174 – PARQUE ROSÁRIO";;21;7,00%;1
LOCAL;Campos dos Goytacazes;075;Ibitioca;"CIEP 2014 – IBITIOCA";;21;7,00%;1
LOCAL;Campos dos Goytacazes;129;Ibitioca;"CIEP 2035 – IBITIOCA";;21;7,00%;1
LOCAL;Campos dos Goytacazes;076;Ibitioca;"CIEP 2056 – IBITIOCA";;21;7,00%;1
LOCAL;Campos dos Goytacazes;098;Parque Califórnia;"E.M. DR. CARLOS NUNES";;20;6,67%;1
LOCAL;Campos dos Goytacazes;075;Parque Eldorado;"C.M. CECÍLIA MEIRELES";;20;6,67%;1
LOCAL;Campos dos Goytacazes;129;Santo Eduardo;"E.E. PROFª ALICE SOUZA";;20;6,67%;1
LOCAL;Campos dos Goytacazes;076;Parque Tamandaré;"C.M. MONTEIRO LOBATO";;20;6,67%;1
LOCAL;Campos dos Goytacazes;098;Parque Jockey Club;"CIEP 418 – PARQUE JOCKEY CLUB";;20;6,67%;1
LOCAL;Campos dos Goytacazes;075;Murundu;"CIEP 1699 – MURUNDU";;20;6,67%;1
LOCAL;Campos dos Goytacazes;129;São Sebastião;"CIEP 2791 – SÃO SEBASTIÃO";;20;6,67%;1
LOCAL;Campos dos Goytacazes;076;Parque Leopoldina;"CIEP 124 – PARQUE LEOPOLDINA";;19;6,21%;1
LOCAL;Campos dos Goytacazes;098;Ururaí;"EMEI SÃO FRANCISCO";;19;4,51%;2
LOCAL;Campos dos Goytacazes;075;Travessão;"E.E. CECÍLIA MEIRELES";;19;5,34%;1
LOCAL;Campos dos Goytacazes;129;Dores de Macabu;"E.M. PROFª LÚCIA MOTA";;19;6,33%;1
LOCAL;Campos dos Goytacazes;076;Lapa;"CIEP 796 – LAPA";;19;5,78%;1
LOCAL;Campos dos Goytacazes;098;Vila da Rainha;"CIEP 1468 – VILA DA RAINHA";;19;6,33%;1
LOCAL;Campos dos Goytacazes;075;Ururaí;"COLÉGIO MUNICIPAL DONA ROSA";;18;6,00%;1
LOCAL;Campos dos Goytacazes;129;Santo Eduardo;"EMEI MACHADO DE ASSIS";;18;6,00%;1
LOCAL;Campos dos Goytacazes;076;Parque Tamandaré;"EMEI CECÍLIA MEIRELES";;18;6,00%;1
LOCAL;Campos dos Goytacazes;075;Parque Jockey Club;"CIEP 439 – PARQUE JOCKEY CLUB";;18;4,95%;2
LOCAL;Campos dos Goytacazes;129;Parque Santo Amaro;"E.M. DONA ROSA";;18;6,00%;1
LOCAL;Campos dos Goytacazes;098;Lapa;"CIEP 817 – LAPA";;18;6,00%;1
LOCAL;Campos dos Goytacazes;076;Murundu;"CIEP 1720 – MURUNDU";;18;6,00%;1
LOCAL;Campos dos Goytacazes;075;São Sebastião;"CIEP 2812 – SÃO SEBASTIÃO";;18;5,71%;1
LOCAL;Campos dos Goytacazes;129;Morro do Coco;"E.E. RUI BARBOSA";;17;5,67%;1
LOCAL;Campos dos Goytacazes;098;Dores de Macabu;"C.E. SÃO FRANCISCO";;17;5,67%;1
LOCAL;Campos dos Goytacazes;076;Parque Tamandaré;"C.E. PROFª ALICE SOUZA";;17;5,67%;1
LOCAL;Campos dos Goytacazes;129;Parque Jockey Club;"CIEP 460 – PARQUE JOCKEY CLUB";;17;5,06%;2
LOCAL;Campos dos Goytacazes;098;Parque São Caetano;"C.M. TIRADENTES";;16;5,33%;1
LOCAL;Campos dos Goytacazes;075;Goytacazes;"EMEI NOSSA SENHORA DAS DORES";;16;5,33%;1
LOCAL;Campos dos Goytacazes;076;Dores de Macabu;"E.E. SÃO FRANCISCO";;16;5,33%;1
LOCAL;Campos dos Goytacazes;098;Parque Tamandaré;"CIEP 313 – PARQUE TAMANDARÉ";;16;5,33%;1
LOCAL;Campos dos Goytacazes;075;Parque Tamandaré;"C.E. VEREADOR PAULO MELO";;16;5,33%;1
LOCAL;Campos dos Goytacazes;129;Parque Jockey Club;"EMEI RUI BARBOSA";;16;5,33%;1
LOCAL;Campos dos Goytacazes;076;Lapa;"CIEP 838 – LAPA";;16;5,33%;1
LOCAL;Campos dos Goytacazes;098;Centro;"COLÉGIO MUNICIPAL MARIA DAS GRAÇAS";;15;5,00%;2
LOCAL;Campos dos Goytacazes;075;Ururaí;"ESCOLA ESTADUAL DONA ROSA";;15;5,00%;2
LOCAL;Campos dos Goytacazes;129;Tocos;"COLÉGIO MUNICIPAL PROF. RAUL CAMPOS";;15;4,72%;2
LOCAL;Campos dos Goytacazes;076;Parque Tamandaré;"CIEP 334 – PARQUE TAMANDARÉ";;15;5,00%;2
LOCAL;Campos dos Goytacazes;098;Parque Tamandaré;"E.M. MACHADO DE ASSIS";;15;5,00%;2
LOCAL;Campos dos Goytacazes;075;Parque Tamandaré;"ESCOLA ESTADUAL SANTA TEREZINHA";;15;5,00%;2
LOCAL;Campos dos Goytacazes;129;Parque Tamandaré;"E.E. SANTA TEREZINHA";;15;4,81%;2
LOCAL;Campos dos Goytacazes;076;Parque Tamandaré;"CIEP 355 – PARQUE TAMANDARÉ";;15;5,00%;2
LOCAL;Campos dos Goytacazes;098;Parque Santo Amaro;"ESCOLA ESTADUAL MONTEIRO LOBATO";;15;5,00%;2
LOCAL;Campos dos Goytacazes;075;Murundu;"CIEP 1741 – MURUNDU";;15;5,00%;2
LOCAL;Campos dos Goytacazes;129;Murundu;"CIEP 1762 – MURUNDU";;15;5,00%;2
LOCAL;Campos dos Goytacazes;076;Ibitioca;"CIEP 2077 – IBITIOCA";;15;5,00%;2
LOCAL;Campos dos Goytacazes;098;Ibitioca;"CIEP 2098 – IBITIOCA";;15;5,00%;2
LOCAL;Campos dos Goytacazes;075;Mussurepe;"CIEP 2266 – MUSSUREPE";;15;5,00%;2
LOCAL;Campos dos Goytacazes;129;Centro;"ESCOLA ESTADUAL PROFª LÚCIA MOTA";;14;4,67%;2
LOCAL;Campos dos Goytacazes;076;Jardim Carioca;"COLÉGIO MUNICIPAL DR. CARLOS NUNES";;14;4,67%;2
LOCAL;Campos dos Goytacazes;129;Jardim Carioca;"ESCOLA ESTADUAL DR. CARLOS NUNES";;14;4,67%;2
LOCAL;Campos dos Goytacazes;098;Morro do Coco;"EMEI MONTEIRO LOBATO";;14;4,67%;2
LOCAL;Campos dos Goytacazes;075;Parque Tamandaré;"COLÉGIO MUNICIPAL DR. HÉLIO FARIA";;14;4,67%;2
LOCAL;Campos dos Goytacazes;076;Parque Jockey Club;"COLÉGIO MUNICIPAL VEREADOR PAULO MELO";;14;4,67%;2
LOCAL;Campos dos Goytacazes;129;Parque Santo Amaro;"CIEP 586 – PARQUE SANTO AMARO";;14;4,67%;2
LOCAL;Campos dos Goytacazes;098;Murundu;"CIEP 1783 – MURUNDU";;14;3,72%;2
LOCAL;Campos dos Goytacazes;075;Murundu;"CIEP 1804 – MURUNDU";;14;4,67%;2
LOCAL;Campos dos Goytacazes;076;Mussurepe;"CIEP 2287 – MUSSUREPE";;14;4,67%;2
LOCAL;Campos dos Goytacazes;129;Parque Prazeres;"CIEP 2602 – PARQUE PRAZERES";;14;4,67%;2
LOCAL;Campos dos Goytacazes;098;Goytacazes;"ESCOLA ESTADUAL NOSSA SENHORA DAS DORES";;13;4,33%;2
LOCAL;Campos dos Goytacazes;075;Tocos;"ESCOLA ESTADUAL PROF. RAUL CAMPOS";;13;4,33%;2
LOCAL;Campos dos Goytacazes;076;Mussurepe;"CIEP 2308 – MUSSUREPE";;13;4,33%;2
LOCAL;Campos dos Goytacazes;098;São Sebastião;"CIEP 2833 – SÃO SEBASTIÃO";;13;4,33%;2
LOCAL;Campos dos Goytacazes;075;São Sebastião;"CIEP 2854 – SÃO SEBASTIÃO";;13;4,33%;2
LOCAL;Campos dos Goytacazes;129;Ururaí;"C.M. DONA ROSA";;12;4,00%;2
LOCAL;Campos dos Goytacazes;076;Ururaí;"E.M. TIRADENTES";;12;4,00%;2
LOCAL;Campos dos Goytacazes;129;Travessão;"COLÉGIO MUNICIPAL MONTEIRO LOBATO";;12;4,00%;2
LOCAL;Campos dos Goytacazes;098;Santo Eduardo;"COLÉGIO MUNICIPAL MACHADO DE ASSIS";;12;4,00%;2
LOCAL;Campos dos Goytacazes;076;Dores de Macabu;"COLÉGIO MUNICIPAL PADRE ANCHIETA";;12;4,00%;2
LOCAL;Campos dos Goytacazes;075;Parque Santo Amaro;"ESCOLA ESTADUAL RUI BARBOSA";;12;4,00%;2
LOCAL;Campos dos Goytacazes;129;Parque Santo Amaro;"EMEI PROFª ALICE SOUZA";;12;4,00%;2
LOCAL;Campos dos Goytacazes;098;Lapa;"CIEP 859 – LAPA";;12;4,00%;2
LOCAL;Campos dos Goytacazes;076;Mussurepe;"CIEP 2329 – MUSSUREPE";;12;4,00%;2
LOCAL;Campos dos Goytacazes;075;São Sebastião;"CIEP 2875 – SÃO SEBASTIÃO";;12;4,00%;2
LOCAL;Campos dos Goytacazes;129;Jardim Carioca;"C.M. PROFª LÚCIA MOTA";;11;3,67%;2
LOCAL;Campos dos Goytacazes;098;Jardim Carioca;"E.M. SÃO FRANCISCO";;11;3,67%;2
LOCAL;Campos dos Goytacazes;076;Ururaí;"C.E. TIRADENTES";;11;3,67%;2
LOCAL;Campos dos Goytacazes;075;Dores de Macabu;"ESCOLA ESTADUAL PADRE ANCHIETA";;11;3,67%;2
LOCAL;Campos dos Goytacazes;129;Lapa;"CIEP 880 – LAPA";;11;3,67%;2
LOCAL;Campos dos Goytacazes;098;Murundu;"CIEP 1825 – MURUNDU";;11;3,67%;2
LOCAL;Campos dos Goytacazes;076;Mussurepe;"CIEP 2350 – MUSSUREPE";;11;3,67%;2
LOCAL;Campos dos Goytacazes;075;Parque Prazeres;"CIEP 2623 – PARQUE PRAZERES";;11;3,26%;2
LOCAL;Campos dos Goytacazes;129;São Sebastião;"CIEP 2896 – SÃO SEBASTIÃO";;11;3,67%;2
LOCAL;Campos dos Goytacazes;098;São Sebastião;"CIEP 2917 – SÃO SEBASTIÃO";;11;3,67%;2
LOCAL;Campos dos Goytacazes;076;Goytacazes;"C.M. NOSSA SENHORA DAS DORES";;10;3,33%;2
LOCAL;Campos dos Goytacazes;075;Tocos;"C.E. DR. HÉLIO FARIA";;10;3,33%;2
LOCAL;Campos dos Goytacazes;076;Tocos;"EMEI SANTA TEREZINHA";;10;3,33%;2
LOCAL;Campos dos Goytacazes;075;Parque Santo Amaro;"CIEP 607 – PARQUE SANTO AMARO";;10;3,33%;2
LOCAL;Campos dos Goytacazes;129;Lapa;"CIEP 901 – LAPA";;10;3,33%;2
LOCAL;Campos dos Goytacazes;098;Parque Rosário;"CIEP 1195 – PARQUE ROSÁRIO";;10;3,33%;2
LOCAL;Campos dos Goytacazes;076;Parque Rosário;"CIEP 1216 – PARQUE ROSÁRIO";;10;3,33%;2
LOCAL;Campos dos Goytacazes;075;Parque Rosário;"CIEP 1237 – PARQUE ROSÁRIO";;10;3,33%;2
LOCAL;Campos dos Goytacazes;129;Vila da Rainha;"CIEP 1489 – VILA DA RAINHA";;10;3,33%;2
LOCAL;Campos dos Goytacazes;098;Travessão;"ESCOLA ESTADUAL CECÍLIA MEIRELES";;9;3,00%;2
LOCAL;Campos dos Goytacazes;098;Parque Jockey Club;"E.M. NOSSA SENHORA DAS DORES";;9;3,00%;2
LOCAL;Campos dos Goytacazes;076;Parque Jockey Club;"E.E. MACHADO DE ASSIS";;9;3,00%;2
LOCAL;Campos dos Goytacazes;075;Lapa;"CIEP 922 – LAPA";;9;3,00%;2
LOCAL;Campos dos Goytacazes;129;Vila da Rainha;"CIEP 1510 – VILA DA RAINHA";;9;3,00%;2
LOCAL;Campos dos Goytacazes;098;Vila da Rainha;"CIEP 1531 – VILA DA RAINHA";;9;3,00%;2
LOCAL;Campos dos Goytacazes;076;Mussurepe;"CIEP 2371 – MUSSUREPE";;9;3,00%;2
LOCAL;Campos dos Goytacazes;075;Parque Prazeres;"CIEP 2644 – PARQUE PRAZERES";;9;3,00%;2
LOCAL;Campos dos Goytacazes;129;Goitacazes;"E.M. ANTÔNIO PEREIRA";;8;2,67%;2
LOCAL;Campos dos Goytacazes;129;Tocos;"COLÉGIO MUNICIPAL SANTA TEREZINHA";;8;2,67%;2
LOCAL;Campos dos Goytacazes;076;Tocos;"E.M. DR. HÉLIO FARIA";;8;2,67%;2
LOCAL;Campos dos Goytacazes;098;Dores de Macabu;"C.M. PADRE ANCHIETA";;7;1,17%;4
LOCAL;Campos dos Goytacazes;076;Parque Guarus;"C.E. PROFª LÚCIA MOTA";;3;1,00%;5
SECAO;Campos dos Goytacazes;098;Goitacazes;"CIEP 101 – BRIZOLÃO EXEMPLO";009;116;47,13%;1
SECAO;Campos dos Goytacazes;076;Parque Guarus;"ESCOLA TÉCNICA MUNICIPAL CENTRAL";114;114;48,51%;1
SECAO;Campos dos Goytacazes;076;Parque Guarus;"ESCOLA TÉCNICA MUNICIPAL CENTRAL";233;113;40,10%;1
SECAO;Campos dos Goytacazes;076;Goitacazes;"C.E. DOUTOR PAULO RIBEIRO";214;113;39,01%;1
SECAO;Campos dos Goytacazes;129;Jardim Carioca;"C.M. PREFEITO ANTÔNIO CARLOS";270;111;46,69%;1
SECAO;Campos dos Goytacazes;075;Goitacazes;"CIEP 101 – BRIZOLÃO EXEMPLO";135;104;36,09%;1
SECAO;Campos dos Goytacazes;076;Goitacazes;"COLÉGIO ESTADUAL MODELO";160;102;42,13%;1
SECAO;Campos dos Goytacazes;129;Parque Aurora;"EMEI CRIANÇA FELIZ";149;99;35,93%;1
SECAO;Campos dos Goytacazes;098;Parque Aurora;"EMEI CRIANÇA FELIZ";139;97;35,88%;1
SECAO;Campos dos Goytacazes;129;Centro;"E.E. PROFESSORA ANA MARIA DE SOUZA";019;90;31,07%;1
SECAO;Campos dos Goytacazes;076;Centro;"E.E. PROFESSORA ANA MARIA DE SOUZA";283;89;32,48%;1
SECAO;Campos dos Goytacazes;075;Parque Aurora;"EMEI CRIANÇA FELIZ";229;85;32,88%;1
SECAO;Campos dos Goytacazes;076;Centro;"E.E. VEREADOR JOÃO BATISTA";222;83;29,73%;1
SECAO;Campos dos Goytacazes;098;Parque Aurora;"EMEI CRIANÇA FELIZ";202;82;29,28%;1
SECAO;Campos dos Goytacazes;129;Parque Guarus;"CIEP 245 – PARQUE GUARUS";118;82;33,76%;1
SECAO;Campos dos Goytacazes;129;Parque Guarus;"E.M. JOSÉ ALVES PEREIRA";362;81;28,94%;1
SECAO;Campos dos Goytacazes;075;Parque Califórnia;"E.M. MARIA DA PENHA LIMA";028;81;27,99%;1
SECAO;Campos dos Goytacazes;075;Centro;"E.E. PROFESSORA ANA MARIA DE SOUZA";380;77;32,87%;1
SECAO;Campos dos Goytacazes;129;Parque Califórnia;"E.M. MARIA DA PENHA LIMA";044;71;29,61%;1
SECAO;Campos dos Goytacazes;098;Parque Aurora;"EMEI CRIANÇA FELIZ";145;71;26,27%;1
SECAO;Campos dos Goytacazes;075;Parque Guarus;"CIEP 245 – PARQUE GUARUS";236;67;27,06%;1
SECAO;Campos dos Goytacazes;075;Goitacazes;"COLÉGIO ESTADUAL MODELO";002;64;26,00%;1
SECAO;Campos dos Goytacazes;129;Goitacazes;"C.E. DOUTOR PAULO RIBEIRO";281;62;21,55%;1
SECAO;Campos dos Goytacazes;129;Parque Guarus;"E.M. JOSÉ ALVES PEREIRA";159;61;26,29%;1
SECAO;Campos dos Goytacazes;075;Goitacazes;"C.E. DOUTOR PAULO RIBEIRO";172;59;24,48%;1
SECAO;Campos dos Goytacazes;098;Goitacazes;"CIEP 101 – BRIZOLÃO EXEMPLO";258;58;22,44%;1
SECAO;Campos dos Goytacazes;075;Parque Guarus;"E.M. JOSÉ ALVES PEREIRA";003;56;21,51%;1
SECAO;Campos dos Goytacazes;076;Parque Guarus;"ESCOLA TÉCNICA MUNICIPAL CENTRAL";074;55;19,71%;1
SECAO;Campos dos Goytacazes;098;Jardim Carioca;"C.M. PREFEITO ANTÔNIO CARLOS";012;53;22,80%;1
SECAO;Campos dos Goytacazes;129;Parque Guarus;"ESCOLA TÉCNICA MUNICIPAL CENTRAL";414;50;18,67%;1
SECAO;Campos dos Goytacazes;129;Centro;"E.E. PROFESSORA ANA MARIA DE SOUZA";010;49;13,21%;1
SECAO;Campos dos Goytacazes;129;Centro;"E.E. PROFESSORA ANA MARIA DE SOUZA";012;49;11,67%;1
SECAO;Campos dos Goytacazes;129;Centro;"E.E. PROFESSORA ANA MARIA DE SOUZA";015;49;18,35%;1
SECAO;Campos dos Goytacazes;129;Centro;"E.E. PROFESSORA ANA MARIA DE SOUZA";016;49;13,61%;1
SECAO;Campos dos Goytacazes;129;Centro;"E.E. PROFESSORA ANA MARIA DE SOUZA";020;49;12,73%;1
SECAO;Campos dos Goytacazes;129;Centro;"E.E. PROFESSORA ANA MARIA DE SOUZA";021;49;16,28%;1
SECAO;Campos dos Goytacazes;129;Centro;"E.E. PROFESSORA ANA MARIA DE SOUZA";022;49;11,67%;1
SECAO;Campos dos Goytacazes;129;Centro;"E.E. PROFESSORA ANA MARIA DE SOUZA";026;49;11,67%;1
SECAO;Campos dos Goytacazes;129;Centro;"E.E. PROFESSORA ANA MARIA DE SOUZA";027;49;16,96%;1
SECAO;Campos dos Goytacazes;098;Goitacazes;"CIEP 101 – BRIZOLÃO EXEMPLO";007;49;16,67%;1
SECAO;Campos dos Goytacazes;098;Goitacazes;"CIEP 101 – BRIZOLÃO EXEMPLO";008;49;17,25%;1
SECAO;Campos dos Goytacazes;098;Goitacazes;"CIEP 101 – BRIZOLÃO EXEMPLO";013;49;17,07%;1
SECAO;Campos dos Goytacazes;098;Goitacazes;"CIEP 101 – BRIZOLÃO EXEMPLO";017;49;11,67%;1
SECAO;Campos dos Goytacazes;098;Goitacazes;"CIEP 101 – BRIZOLÃO EXEMPLO";020;49;11,67%;1
SECAO;Campos dos Goytacazes;098;Goitacazes;"CIEP 101 – BRIZOLÃO EXEMPLO";023;49;11,67%;1
SECAO;Campos dos Goytacazes;098;Goitacazes;"CIEP 101 – BRIZOLÃO EXEMPLO";025;49;14,63%;1
SECAO;Campos dos Goytacazes;098;Goitacazes;"CIEP 101 – BRIZOLÃO EXEMPLO";028;49;17,82%;1
SECAO;Campos dos Goytacazes;098;Goitacazes;"CIEP 101 – BRIZOLÃO EXEMPLO";031;49;11,67%;1
SECAO;Campos dos Goytacazes;098;Goitacazes;"CIEP 101 – BRIZOLÃO EXEMPLO";034;49;11,67%;1
SECAO;Campos dos Goytacazes;076;Goitacazes;"COLÉGIO ESTADUAL MODELO";013;49;17,19%;1
SECAO;Campos dos Goytacazes;076;Goitacazes;"COLÉGIO ESTADUAL MODELO";015;49;19,92%;1
SECAO;Campos dos Goytacazes;076;Goitacazes;"COLÉGIO ESTADUAL MODELO";017;49;11,67%;1
SECAO;Campos dos Goytacazes;076;Goitacazes;"COLÉGIO ESTADUAL MODELO";019;49;11,67%;1
SECAO;Campos dos Goytacazes;076;Goitacazes;"COLÉGIO ESTADUAL MODELO";023;49;11,67%;1
SECAO;Campos dos Goytacazes;076;Goitacazes;"COLÉGIO ESTADUAL MODELO";026;49;13,65%;1
SECAO;Campos dos Goytacazes;076;Goitacazes;"COLÉGIO ESTADUAL MODELO";027;49;16,96%;1
SECAO;Campos dos Goytacazes;076;Goitacazes;"COLÉGIO ESTADUAL MODELO";030;49;15,96%;1
SECAO;Campos dos Goytacazes;076;Goitacazes;"COLÉGIO ESTADUAL MODELO";032;49;12,44%;1
SECAO;Campos dos Goytacazes;076;Goitacazes;"COLÉGIO ESTADUAL MODELO";035;49;15,96%;1
SECAO;Campos dos Goytacazes;129;Parque Guarus;"E.M. JOSÉ ALVES PEREIRA";056;49;11,67%;1
SECAO;Campos dos Goytacazes;129;Parque Guarus;"E.M. JOSÉ ALVES PEREIRA";060;49;11,67%;1
SECAO;Campos dos Goytacazes;129;Parque Guarus;"E.M. JOSÉ ALVES PEREIRA";061;49;13,80%;1
SECAO;Campos dos Goytacazes;129;Parque Guarus;"E.M. JOSÉ ALVES PEREIRA";062;49;12,37%;1
SECAO;Campos dos Goytacazes;129;Parque Guarus;"E.M. JOSÉ ALVES PEREIRA";066;49;11,67%;1
SECAO;Campos dos Goytacazes;129;Parque Guarus;"E.M. JOSÉ ALVES PEREIRA";067;49;16,39%;1
SECAO;Campos dos Goytacazes;129;Parque Guarus;"E.M. JOSÉ ALVES PEREIRA";070;49;11,67%;1
SECAO;Campos dos Goytacazes;129;Parque Guarus;"E.M. JOSÉ ALVES PEREIRA";072;49;12,76%;1
SECAO;Campos dos Goytacazes;076;Parque Guarus;"ESCOLA TÉCNICA MUNICIPAL CENTRAL";054;49;11,67%;1
SECAO;Campos dos Goytacazes;076;Parque Guarus;"ESCOLA TÉCNICA MUNICIPAL CENTRAL";055;49;11,67%;1
SECAO;Campos dos Goytacazes;076;Parque Guarus;"ESCOLA TÉCNICA MUNICIPAL CENTRAL";056;49;11,67%;1
SECAO;Campos dos Goytacazes;076;Parque Guarus;"ESCOLA TÉCNICA MUNICIPAL CENTRAL";058;49;15,51%;1
SECAO;Campos dos Goytacazes;076;Parque Guarus;"ESCOLA TÉCNICA MUNICIPAL CENTRAL";061;49;11,67%;1
SECAO;Campos dos Goytacazes;076;Parque Guarus;"ESCOLA TÉCNICA MUNICIPAL CENTRAL";062;49;11,67%;1
SECAO;Campos dos Goytacazes;076;Parque Guarus;"ESCOLA TÉCNICA MUNICIPAL CENTRAL";063;49;11,67%;1
SECAO;Campos dos Goytacazes;076;Goitacazes;"C.E. DOUTOR PAULO RIBEIRO";077;49;15,56%;1
SECAO;Campos dos Goytacazes;076;Goitacazes;"C.E. DOUTOR PAULO RIBEIRO";080;49;11,67%;1
SECAO;Campos dos Goytacazes;076;Goitacazes;"C.E. DOUTOR PAULO RIBEIRO";081;49;11,67%;1
SECAO;Campos dos Goytacazes;076;Goitacazes;"C.E. DOUTOR PAULO RIBEIRO";085;49;11,67%;1
SECAO;Campos dos Goytacazes;076;Goitacazes;"C.E. DOUTOR PAULO RIBEIRO";086;49;11,67%;1
SECAO;Campos dos Goytacazes;076;Goitacazes;"C.E. DOUTOR PAULO RIBEIRO";088;49;15,81%;1
SECAO;Campos dos Goytacazes;076;Goitacazes;"C.E. DOUTOR PAULO RIBEIRO";092;49;17,13%;1
SECAO;Campos dos Goytacazes;076;Goitacazes;"C.E. DOUTOR PAULO RIBEIRO";093;49;14,20%;1
SECAO;Campos dos Goytacazes;076;Goitacazes;"C.E. DOUTOR PAULO RIBEIRO";097;49;11,67%;1
SECAO;Campos dos Goytacazes;075;Parque Califórnia;"E.M. MARIA DA PENHA LIMA";015;49;11,67%;1
SECAO;Campos dos Goytacazes;075;Parque Califórnia;"E.M. MARIA DA PENHA LIMA";016;49;15,26%;1
SECAO;Campos dos Goytacazes;075;Parque Califórnia;"E.M. MARIA DA PENHA LIMA";019;49;11,67%;1
SECAO;Campos dos Goytacazes;075;Parque Califórnia;"E.M. MARIA DA PENHA LIMA";020;49;14,63%;1
SECAO;Campos dos Goytacazes;075;Parque Califórnia;"E.M. MARIA DA PENHA LIMA";022;49;11,67%;1
SECAO;Campos dos Goytacazes;075;Parque Califórnia;"E.M. MARIA DA PENHA LIMA";025;49;15,65%;1
SECAO;Campos dos Goytacazes;075;Parque Califórnia;"E.M. MARIA DA PENHA LIMA";029;49;19,07%;1
SECAO;Campos dos Goytacazes;075;Parque Leopoldina;"INSTITUTO DE EDUCAÇÃO NORTE";042;49;11,75%;1
SECAO;Campos dos Goytacazes;075;Parque Leopoldina;"INSTITUTO DE EDUCAÇÃO NORTE";046;49;11,67%;1
SECAO;Campos dos Goytacazes;075;Parque Leopoldina;"INSTITUTO DE EDUCAÇÃO NORTE";048;49;11,67%;1
SECAO;Campos dos Goytacazes;075;Parque Leopoldina;"INSTITUTO DE EDUCAÇÃO NORTE";052;49;15,17%;1
SECAO;Campos dos Goytacazes;075;Parque Leopoldina;"INSTITUTO DE EDUCAÇÃO NORTE";056;49;11,67%;1
SECAO;Campos dos Goytacazes;075;Parque Leopoldina;"INSTITUTO DE EDUCAÇÃO NORTE";059;49;17,44%;1
SECAO;Campos dos Goytacazes;075;Parque Leopoldina;"INSTITUTO DE EDUCAÇÃO NORTE";063;49;13,24%;1
SECAO;Campos dos Goytacazes;075;Parque Leopoldina;"INSTITUTO DE EDUCAÇÃO NORTE";064;49;19,84%;1
SECAO;Campos dos Goytacazes;075;Parque Leopoldina;"INSTITUTO DE EDUCAÇÃO NORTE";065;49;11,67%;1
SECAO;Campos dos Goytacazes;129;Parque Aurora;"EMEI CRIANÇA FELIZ";093;49;13,07%;1
SECAO;Campos dos Goytacazes;129;Parque Aurora;"EMEI CRIANÇA FELIZ";095;49;16,61%;1
SECAO;Campos dos Goytacazes;129;Jardim Carioca;"C.M. PREFEITO ANTÔNIO CARLOS";111;49;14,85%;1
SECAO;Campos dos Goytacazes;129;Jardim Carioca;"C.M. PREFEITO ANTÔNIO CARLOS";113;49;12,41%;1
SECAO;Campos dos Goytacazes;129;Jardim Carioca;"C.M. PREFEITO ANTÔNIO CARLOS";116;49;15,31%;1
SECAO;Campos dos Goytacazes;129;Jardim Carioca;"C.M. PREFEITO ANTÔNIO CARLOS";119;49;11,67%;1
SECAO;Campos dos Goytacazes;129;Jardim Carioca;"C.M. PREFEITO ANTÔNIO CARLOS";121;49;11,67%;1
SECAO;Campos dos Goytacazes;129;Jardim Carioca;"C.M. PREFEITO ANTÔNIO CARLOS";124;49;16,84%;1
SECAO;Campos dos Goytacazes;129;Jardim Carioca;"C.M. PREFEITO ANTÔNIO CARLOS";125;49;17,44%;1
SECAO;Campos dos Goytacazes;129;Jardim Carioca;"C.M. PREFEITO ANTÔNIO CARLOS";128;49;12,76%;1
SECAO;Campos dos Goytacazes;076;Centro;"E.E. VEREADOR JOÃO BATISTA";117;49;11,67%;1
SECAO;Campos dos Goytacazes;076;Centro;"E.E. VEREADOR JOÃO BATISTA";119;49;11,67%;1
SECAO;Campos dos Goytacazes;076;Centro;"E.E. VEREADOR JOÃO BATISTA";122;49;11,67%;1
SECAO;Campos dos Goytacazes;076;Centro;"E.E. VEREADOR JOÃO BATISTA";125;49;14,00%;1
SECAO;Campos dos Goytacazes;076;Centro;"E.E. VEREADOR JOÃO BATISTA";126;49;17,13%;1
SECAO;Campos dos Goytacazes;076;Centro;"E.E. VEREADOR JOÃO BATISTA";130;49;11,67%;1
SECAO;Campos dos Goytacazes;076;Centro;"E.E. VEREADOR JOÃO BATISTA";133;49;17,56%;1
SECAO;Campos dos Goytacazes;076;Centro;"E.E. VEREADOR JOÃO BATISTA";136;49;11,67%;1
SECAO;Campos dos Goytacazes;076;Centro;"E.E. VEREADOR JOÃO BATISTA";140;49;11,86%;1
SECAO;Campos dos Goytacazes;129;Parque Guarus;"CIEP 245 – PARQUE GUARUS";150;49;11,67%;1
SECAO;Campos dos Goytacazes;129;Parque Guarus;"CIEP 245 – PARQUE GUARUS";154;49;15,26%;1
SECAO;Campos dos Goytacazes;129;Parque Guarus;"CIEP 245 – PARQUE GUARUS";158;49;11,67%;1
SECAO;Campos dos Goytacazes;129;Parque Guarus;"CIEP 245 – PARQUE GUARUS";161;49;11,67%;1
SECAO;Campos dos Goytacazes;129;Parque Guarus;"CIEP 245 – PARQUE GUARUS";165;49;11,67%;1
SECAO;Campos dos Goytacazes;129;Parque Guarus;"CIEP 245 – PARQUE GUARUS";166;49;14,89%;1
SECAO;Campos dos Goytacazes;129;Parque Guarus;"CIEP 245 – PARQUE GUARUS";168;49;19,68%;1
SECAO;Campos dos Goytacazes;076;Jardim Carioca;"COLÉGIO MUNICIPAL ESPERANÇA";155;49;19,92%;1
SECAO;Campos dos Goytacazes;076;Jardim Carioca;"COLÉGIO MUNICIPAL ESPERANÇA";158;49;11,67%;1
SECAO;Campos dos Goytacazes;076;Jardim Carioca;"COLÉGIO MUNICIPAL ESPERANÇA";162;49;18,99%;1
SECAO;Campos dos Goytacazes;076;Jardim Carioca;"COLÉGIO MUNICIPAL ESPERANÇA";163;49;11,67%;1
SECAO;Campos dos Goytacazes;076;Jardim Carioca;"COLÉGIO MUNICIPAL ESPERANÇA";167;49;12,79%;1
SECAO;Campos dos Goytacazes;076;Jardim Carioca;"COLÉGIO MUNICIPAL ESPERANÇA";168;49;13,03%;1
SECAO;Campos dos Goytacazes;076;Jardim Carioca;"COLÉGIO MUNICIPAL ESPERANÇA";172;49;11,67%;1
SECAO;Campos dos Goytacazes;076;Jardim Carioca;"COLÉGIO MUNICIPAL ESPERANÇA";175;49;11,67%;1
SECAO;Campos dos Goytacazes;076;Jardim Carioca;"COLÉGIO MUNICIPAL ESPERANÇA";179;49;11,67%;1
SECAO;Campos dos Goytacazes;075;Goitacazes;"E.M. SÃO JOSÉ OPERÁRIO";091;49;11,67%;1
SECAO;Campos dos Goytacazes;075;Goitacazes;"E.M. SÃO JOSÉ OPERÁRIO";094;49;11,67%;1
SECAO;Campos dos Goytacazes;075;Goitacazes;"E.M. SÃO JOSÉ OPERÁRIO";097;49;16,50%;1
SECAO;Campos dos Goytacazes;075;Goitacazes;"E.M. SÃO JOSÉ OPERÁRIO";098;49;11,67%;1
SECAO;Campos dos Goytacazes;075;Goitacazes;"E.M. SÃO JOSÉ OPERÁRIO";102;49;11,67%;1
SECAO;Campos dos Goytacazes;075;Goitacazes;"E.M. SÃO JOSÉ OPERÁRIO";103;49;11,67%;1
SECAO;Campos dos Goytacazes;075;Goitacazes;"E.M. SÃO JOSÉ OPERÁRIO";104;49;11,67%;1
SECAO;Campos dos Goytacazes;075;Goitacazes;"E.M. SÃO JOSÉ OPERÁRIO";108;49;11,67%;1
SECAO;Campos dos Goytacazes;075;Goitacazes;"E.M. SÃO JOSÉ OPERÁRIO";112;49;14,94%;1
SECAO;Campos dos Goytacazes;075;Goitacazes;"E.M. SÃO JOSÉ OPERÁRIO";116;49;12,13%;1
SECAO;Campos dos Goytacazes;076;Jardim Carioca;"ESCOLA ESTADUAL SANTA RITA";198;49;16,78%;1
SECAO;Campos dos Goytacazes;076;Jardim Carioca;"ESCOLA ESTADUAL SANTA RITA";199;49;11,67%;1
SECAO;Campos dos Goytacazes;076;Jardim Carioca;"ESCOLA ESTADUAL SANTA RITA";202;49;19,76%;1
SECAO;Campos dos Goytacazes;076;Jardim Carioca;"ESCOLA ESTADUAL SANTA RITA";204;49;11,67%;1
SECAO;Campos dos Goytacazes;076;Jardim Carioca;"ESCOLA ESTADUAL SANTA RITA";206;49;11,67%;1
SECAO;Campos dos Goytacazes;076;Jardim Carioca;"ESCOLA ESTADUAL SANTA RITA";209;49;16,72%;1
SECAO;Campos dos Goytacazes;076;Jardim Carioca;"ESCOLA ESTADUAL SANTA RITA";212;49;16,23%;1
SECAO;Campos dos Goytacazes;076;Jardim Carioca;"ESCOLA ESTADUAL SANTA RITA";213;49;18,35%;1
SECAO;Campos dos Goytacazes;098;Parque Eldorado;"C.E. PROFESSOR LUIZ COSTA";047;49;12,10%;1
SECAO;Campos dos Goytacazes;098;Parque Eldorado;"C.E. PROFESSOR LUIZ COSTA";051;49;11,67%;1
SECAO;Campos dos Goytacazes;098;Parque Eldorado;"C.E. PROFESSOR LUIZ COSTA";055;49;16,78%;1
SECAO;Campos dos Goytacazes;098;Parque Eldorado;"C.E. PROFESSOR LUIZ COSTA";058;49;11,67%;1
SECAO;Campos dos Goytacazes;098;Parque Eldorado;"C.E. PROFESSOR LUIZ COSTA";061;49;14,08%;1
SECAO;Campos dos Goytacazes;098;Parque Eldorado;"C.E. PROFESSOR LUIZ COSTA";064;49;19,29%;1
SECAO;Campos dos Goytacazes;098;Parque Eldorado;"C.E. PROFESSOR LUIZ COSTA";067;49;14,76%;1
SECAO;Campos dos Goytacazes;098;Parque Eldorado;"C.E. PROFESSOR LUIZ COSTA";068;49;15,51%;1
SECAO;Campos dos Goytacazes;098;Parque Eldorado;"C.E. PROFESSOR LUIZ COSTA";069;49;11,78%;1
SECAO;Campos dos Goytacazes;075;Pelinca;"E.M. NOSSA SENHORA DA PAZ";137;49;11,67%;1
SECAO;Campos dos Goytacazes;075;Pelinca;"E.M. NOSSA SENHORA DA PAZ";140;49;11,67%;1
SECAO;Campos dos Goytacazes;075;Pelinca;"E.M. NOSSA SENHORA DA PAZ";143;49;11,67%;1
SECAO;Campos dos Goytacazes;075;Pelinca;"E.M. NOSSA SENHORA DA PAZ";144;49;11,67%;1
SECAO;Campos dos Goytacazes;075;Pelinca;"E.M. NOSSA SENHORA DA PAZ";148;49;11,67%;1
SECAO;Campos dos Goytacazes;075;Pelinca;"E.M. NOSSA SENHORA DA PAZ";150;49;11,67%;1
SECAO;Campos dos Goytacazes;075;Pelinca;"E.M. NOSSA SENHORA DA PAZ";152;49;11,67%;1
SECAO;Campos dos Goytacazes;075;Pelinca;"E.M. NOSSA SENHORA DA PAZ";153;49;12,31%;1
SECAO;Campos dos Goytacazes;098;Centro;"UNIDADE ESCOLAR DO CENTRO";084;49;15,71%;1
SECAO;Campos dos Goytacazes;098;Centro;"UNIDADE ESCOLAR DO CENTRO";085;49;11,67%;1
SECAO;Campos dos Goytacazes;098;Centro;"UNIDADE ESCOLAR DO CENTRO";087;49;14,94%;1
SECAO;Campos dos Goytacazes;098;Centro;"UNIDADE ESCOLAR DO CENTRO";089;49;12,53%;1
SECAO;Campos dos Goytacazes;098;Centro;"UNIDADE ESCOLAR DO CENTRO";091;49;13,42%;1
SECAO;Campos dos Goytacazes;098;Centro;"UNIDADE ESCOLAR DO CENTRO";092;49;17,95%;1
SECAO;Campos dos Goytacazes;098;Centro;"UNIDADE ESCOLAR DO CENTRO";096;49;18,08%;1
SECAO;Campos dos Goytacazes;098;Centro;"UNIDADE ESCOLAR DO CENTRO";099;49;18,28%;1
SECAO;Campos dos Goytacazes;098;Parque São Caetano;"E.M. PROFESSORA HELENA DIAS";111;49;11,67%;1
SECAO;Campos dos Goytacazes;098;Parque São Caetano;"E.M. PROFESSORA HELENA DIAS";113;49;11,67%;1
SECAO;Campos dos Goytacazes;098;Parque São Caetano;"E.M. PROFESSORA HELENA DIAS";114;49;11,67%;1
SECAO;Campos dos Goytacazes;098;Parque São Caetano;"E.M. PROFESSORA HELENA DIAS";116;49;19,76%;1
SECAO;Campos dos Goytacazes;098;Parque São Caetano;"E.M. PROFESSORA HELENA DIAS";117;49;11,67%;1
SECAO;Campos dos Goytacazes;098;Parque São Caetano;"E.M. PROFESSORA HELENA DIAS";119;49;11,67%;1
SECAO;Campos dos Goytacazes;098;Parque São Caetano;"E.M. PROFESSORA HELENA DIAS";122;49;11,67%;1
SECAO;Campos dos Goytacazes;075;Morro do Coco;"COLÉGIO ESTADUAL DO LITORAL";165;49;13,84%;1
SECAO;Campos dos Goytacazes;075;Morro do Coco;"COLÉGIO ESTADUAL DO LITORAL";166;49;11,67%;1
SECAO;Campos dos Goytacazes;075;Morro do Coco;"COLÉGIO ESTADUAL DO LITORAL";169;49;11,67%;1
SECAO;Campos dos Goytacazes;075;Morro do Coco;"COLÉGIO ESTADUAL DO LITORAL";173;49;11,67%;1
SECAO;Campos dos Goytacazes;075;Morro do Coco;"COLÉGIO ESTADUAL DO LITORAL";177;49;17,56%;1
SECAO;Campos dos Goytacazes;075;Morro do Coco;"COLÉGIO ESTADUAL DO LITORAL";180;49;12,41%;1
SECAO;Campos dos Goytacazes;075;Morro do Coco;"COLÉGIO ESTADUAL DO LITORAL";183;49;12,69%;1
SECAO;Campos dos Goytacazes;098;Travessão;"E.M. RURAL DE TRAVESSÃO";133;49;15,76%;1
SECAO;Campos dos Goytacazes;098;Travessão;"E.M. RURAL DE TRAVESSÃO";135;49;11,72%;1
SECAO;Campos dos Goytacazes;098;Travessão;"E.M. RURAL DE TRAVESSÃO";136;49;13,07%;1
SECAO;Campos dos Goytacazes;098;Travessão;"E.M. RURAL DE TRAVESSÃO";137;49;11,67%;1
SECAO;Campos dos Goytacazes;129;Goitacazes;"C.M. GOITACÁ";183;49;11,67%;1
SECAO;Campos dos Goytacazes;129;Goitacazes;"C.M. GOITACÁ";186;49;11,67%;1
SECAO;Campos dos Goytacazes;129;Goitacazes;"C.M. GOITACÁ";187;49;12,69%;1
SECAO;Campos dos Goytacazes;129;Goitacazes;"C.M. GOITACÁ";188;49;15,22%;1
SECAO;Campos dos Goytacazes;129;Goitacazes;"C.M. GOITACÁ";192;49;11,67%;1
SECAO;Campos dos Goytacazes;075;Goytacazes;"EMEI VOVÓ LUZIA";198;49;12,47%;1
SECAO;Campos dos Goytacazes;075;Goytacazes;"EMEI VOVÓ LUZIA";200;49;11,67%;1
SECAO;Campos dos Goytacazes;075;Goytacazes;"EMEI VOVÓ LUZIA";201;49;11,67%;1
SECAO;Campos dos Goytacazes;075;Goytacazes;"EMEI VOVÓ LUZIA";204;49;18,56%;1
SECAO;Campos dos Goytacazes;098;Santo Eduardo;"E.E. MARECHAL RONDON";152;49;11,67%;1
SECAO;Campos dos Goytacazes;098;Santo Eduardo;"E.E. MARECHAL RONDON";156;49;11,67%;1
SECAO;Campos dos Goytacazes;098;Santo Eduardo;"E.E. MARECHAL RONDON";160;49;13,03%;1
SECAO;Campos dos Goytacazes;098;Santo Eduardo;"E.E. MARECHAL RONDON";164;49;11,67%;1
SECAO;Campos dos Goytacazes;075;Ururaí;"CIEP 302 – URURAÍ";219;49;14,80%;1
SECAO;Campos dos Goytacazes;075;Ururaí;"CIEP 302 – URURAÍ";221;49;17,50%;1
SECAO;Campos dos Goytacazes;076;Parque Tamandaré;"CIEP 271 – PARQUE TAMANDARÉ";347;49;15,56%;1
SECAO;Campos dos Goytacazes;129;Parque Guarus;"E.M. JOSÉ ALVES PEREIRA";073;48;15,79%;1
SECAO;Campos dos Goytacazes;098;Parque São Caetano;"E.M. PROFESSORA HELENA DIAS";124;48;11,43%;1
SECAO;Campos dos Goytacazes;098;Travessão;"E.M. RURAL DE TRAVESSÃO";140;48;11,43%;1
SECAO;Campos dos Goytacazes;129;Goitacazes;"C.M. GOITACÁ";195;48;12,90%;1
SECAO;Campos dos Goytacazes;129;Centro;"E.E. PROFESSORA ANA MARIA DE SOUZA";030;47;11,19%;1
SECAO;Campos dos Goytacazes;129;Parque Guarus;"E.M. JOSÉ ALVES PEREIRA";075;47;14,33%;1
SECAO;Campos dos Goytacazes;076;Goitacazes;"C.E. DOUTOR PAULO RIBEIRO";099;47;11,19%;1
SECAO;Campos dos Goytacazes;075;Parque Califórnia;"E.M. MARIA DA PENHA LIMA";030;47;17,87%;1
SECAO;Campos dos Goytacazes;075;Parque Leopoldina;"INSTITUTO DE EDUCAÇÃO NORTE";069;47;14,11%;1
SECAO;Campos dos Goytacazes;075;Goitacazes;"E.M. SÃO JOSÉ OPERÁRIO";119;47;11,19%;1
SECAO;Campos dos Goytacazes;076;Parque Guarus;"ESCOLA TÉCNICA MUNICIPAL CENTRAL";065;46;19,66%;1
SECAO;Campos dos Goytacazes;075;Parque Califórnia;"E.M. MARIA DA PENHA LIMA";032;46;10,95%;1
SECAO;Campos dos Goytacazes;129;Parque Aurora;"EMEI CRIANÇA FELIZ";098;46;17,90%;1
SECAO;Campos dos Goytacazes;076;Centro;"E.E. VEREADOR JOÃO BATISTA";143;46;11,36%;1
SECAO;Campos dos Goytacazes;075;Pelinca;"E.M. NOSSA SENHORA DA PAZ";155;46;14,33%;1
SECAO;Campos dos Goytacazes;129;Goitacazes;"C.M. GOITACÁ";199;46;10,95%;1
SECAO;Campos dos Goytacazes;129;Parque Guarus;"E.M. JOSÉ ALVES PEREIRA";078;45;12,10%;1
SECAO;Campos dos Goytacazes;075;Ururaí;"CIEP 302 – URURAÍ";223;45;11,81%;1
SECAO;Campos dos Goytacazes;129;Centro;"E.E. PROFESSORA ANA MARIA DE SOUZA";031;44;17,53%;1
SECAO;Campos dos Goytacazes;098;Goitacazes;"CIEP 101 – BRIZOLÃO EXEMPLO";035;44;14,97%;1
SECAO;Campos dos Goytacazes;129;Parque Guarus;"CIEP 245 – PARQUE GUARUS";170;44;18,03%;1
SECAO;Campos dos Goytacazes;076;Jardim Carioca;"COLÉGIO MUNICIPAL ESPERANÇA";182;44;10,48%;1
SECAO;Campos dos Goytacazes;076;Jardim Carioca;"ESCOLA ESTADUAL SANTA RITA";216;44;18,64%;1
SECAO;Campos dos Goytacazes;129;Centro;"E.E. PROFESSORA ANA MARIA DE SOUZA";034;43;17,48%;1
SECAO;Campos dos Goytacazes;129;Centro;"E.E. PROFESSORA ANA MARIA DE SOUZA";038;43;14,33%;1
SECAO;Campos dos Goytacazes;075;Parque Califórnia;"E.M. MARIA DA PENHA LIMA";035;43;13,15%;1
SECAO;Campos dos Goytacazes;129;Jardim Carioca;"C.M. PREFEITO ANTÔNIO CARLOS";131;43;13,87%;1
SECAO;Campos dos Goytacazes;129;Parque Guarus;"CIEP 245 – PARQUE GUARUS";172;43;12,72%;1
SECAO;Campos dos Goytacazes;076;Jardim Carioca;"ESCOLA ESTADUAL SANTA RITA";217;43;10,67%;1
SECAO;Campos dos Goytacazes;098;Travessão;"E.M. RURAL DE TRAVESSÃO";143;43;10,24%;1
SECAO;Campos dos Goytacazes;098;Travessão;"E.M. RURAL DE TRAVESSÃO";146;43;10,24%;1
SECAO;Campos dos Goytacazes;075;Goytacazes;"EMEI VOVÓ LUZIA";207;43;13,11%;1
SECAO;Campos dos Goytacazes;076;Murundu;"CIEP 1552 – MURUNDU";507;43;11,11%;1
SECAO;Campos dos Goytacazes;076;Goitacazes;"COLÉGIO ESTADUAL MODELO";037;42;19,18%;1
SECAO;Campos dos Goytacazes;076;Jardim Carioca;"COLÉGIO MUNICIPAL ESPERANÇA";183;42;17,72%;1
SECAO;Campos dos Goytacazes;076;Jardim Carioca;"ESCOLA ESTADUAL SANTA RITA";220;42;11,90%;1
SECAO;Campos dos Goytacazes;098;Parque Rosário;"CIEP 964 – PARQUE ROSÁRIO";395;42;17,65%;1
SECAO;Campos dos Goytacazes;076;Goitacazes;"COLÉGIO ESTADUAL MODELO";041;41;9,76%;1
SECAO;Campos dos Goytacazes;076;Parque Guarus;"ESCOLA TÉCNICA MUNICIPAL CENTRAL";067;41;9,76%;1
SECAO;Campos dos Goytacazes;076;Parque Guarus;"ESCOLA TÉCNICA MUNICIPAL CENTRAL";069;41;9,76%;1
SECAO;Campos dos Goytacazes;075;Pelinca;"E.M. NOSSA SENHORA DA PAZ";156;41;10,15%;1
SECAO;Campos dos Goytacazes;075;Morro do Coco;"COLÉGIO ESTADUAL DO LITORAL";187;41;12,62%;1
SECAO;Campos dos Goytacazes;075;Ururaí;"CIEP 302 – URURAÍ";224;41;16,08%;1
SECAO;Campos dos Goytacazes;076;Parque Guarus;"ESCOLA TÉCNICA MUNICIPAL CENTRAL";071;40;9,52%;1
SECAO;Campos dos Goytacazes;075;Parque Leopoldina;"INSTITUTO DE EDUCAÇÃO NORTE";072;40;19,61%;1
SECAO;Campos dos Goytacazes;076;Jardim Carioca;"ESCOLA ESTADUAL SANTA RITA";221;40;19,61%;1
SECAO;Campos dos Goytacazes;098;Parque Eldorado;"C.E. PROFESSOR LUIZ COSTA";071;40;9,52%;1
SECAO;Campos dos Goytacazes;075;Morro do Coco;"COLÉGIO ESTADUAL DO LITORAL";189;40;10,18%;1
SECAO;Campos dos Goytacazes;098;Travessão;"E.M. RURAL DE TRAVESSÃO";147;40;15,56%;1
SECAO;Campos dos Goytacazes;076;Lapa;"CIEP 649 – LAPA";450;40;9,52%;1
SECAO;Campos dos Goytacazes;076;Parque Guarus;"ESCOLA TÉCNICA MUNICIPAL CENTRAL";072;39;16,74%;1
SECAO;Campos dos Goytacazes;075;Parque Califórnia;"E.M. MARIA DA PENHA LIMA";036;39;9,29%;1
SECAO;Campos dos Goytacazes;129;Parque Aurora;"EMEI CRIANÇA FELIZ";101;39;9,29%;1
SECAO;Campos dos Goytacazes;129;Parque Guarus;"CIEP 245 – PARQUE GUARUS";175;39;12,75%;1
SECAO;Campos dos Goytacazes;098;Parque Eldorado;"C.E. PROFESSOR LUIZ COSTA";074;39;12,70%;1
SECAO;Campos dos Goytacazes;075;Pelinca;"E.M. NOSSA SENHORA DA PAZ";157;39;17,81%;1
SECAO;Campos dos Goytacazes;075;Pelinca;"E.M. NOSSA SENHORA DA PAZ";161;39;12,96%;1
SECAO;Campos dos Goytacazes;098;Santo Eduardo;"E.E. MARECHAL RONDON";167;39;10,46%;1
SECAO;Campos dos Goytacazes;076;Santo Eduardo;"E.M. RUI BARBOSA";294;39;9,29%;1
SECAO;Campos dos Goytacazes;098;Goitacazes;"CIEP 101 – BRIZOLÃO EXEMPLO";037;38;9,97%;1
SECAO;Campos dos Goytacazes;129;Parque Guarus;"E.M. JOSÉ ALVES PEREIRA";081;38;10,47%;1
SECAO;Campos dos Goytacazes;076;Goitacazes;"C.E. DOUTOR PAULO RIBEIRO";100;38;9,05%;1
SECAO;Campos dos Goytacazes;075;Parque Leopoldina;"INSTITUTO DE EDUCAÇÃO NORTE";076;38;16,10%;1
SECAO;Campos dos Goytacazes;075;Parque Leopoldina;"INSTITUTO DE EDUCAÇÃO NORTE";080;38;9,05%;1
SECAO;Campos dos Goytacazes;076;Centro;"E.E. VEREADOR JOÃO BATISTA";144;38;9,31%;1
SECAO;Campos dos Goytacazes;076;Jardim Carioca;"COLÉGIO MUNICIPAL ESPERANÇA";185;38;10,98%;1
SECAO;Campos dos Goytacazes;075;Goytacazes;"EMEI VOVÓ LUZIA";209;38;18,27%;1
SECAO;Campos dos Goytacazes;076;Tocos;"E.E. VEREADOR PAULO MELO";308;38;15,97%;1
SECAO;Campos dos Goytacazes;098;Goitacazes;"CIEP 101 – BRIZOLÃO EXEMPLO";038;37;16,59%;1
SECAO;Campos dos Goytacazes;098;Goitacazes;"CIEP 101 – BRIZOLÃO EXEMPLO";039;37;14,92%;1
SECAO;Campos dos Goytacazes;076;Jardim Carioca;"ESCOLA ESTADUAL SANTA RITA";225;37;13,50%;1
SECAO;Campos dos Goytacazes;098;Parque Eldorado;"C.E. PROFESSOR LUIZ COSTA";075;37;15,23%;1
SECAO;Campos dos Goytacazes;098;Dores de Macabu;"ESCOLA ESTADUAL JOSÉ DA SILVA";298;37;12,67%;1
SECAO;Campos dos Goytacazes;129;Parque Tamandaré;"C.M. SÃO FRANCISCO";366;37;12,94%;1
SECAO;Campos dos Goytacazes;098;Parque Santo Amaro;"CIEP 481 – PARQUE SANTO AMARO";349;37;16,37%;1
SECAO;Campos dos Goytacazes;098;Goitacazes;"CIEP 101 – BRIZOLÃO EXEMPLO";041;36;14,57%;1
SECAO;Campos dos Goytacazes;098;Goitacazes;"CIEP 101 – BRIZOLÃO EXEMPLO";044;36;16,14%;1
SECAO;Campos dos Goytacazes;076;Goitacazes;"COLÉGIO ESTADUAL MODELO";045;36;16,07%;1
SECAO;Campos dos Goytacazes;076;Goitacazes;"COLÉGIO ESTADUAL MODELO";047;36;8,57%;1
SECAO;Campos dos Goytacazes;075;Parque Califórnia;"E.M. MARIA DA PENHA LIMA";040;36;8,57%;1
SECAO;Campos dos Goytacazes;075;Parque Leopoldina;"INSTITUTO DE EDUCAÇÃO NORTE";081;36;18,65%;1
SECAO;Campos dos Goytacazes;075;Goitacazes;"E.M. SÃO JOSÉ OPERÁRIO";123;36;15,32%;1
SECAO;Campos dos Goytacazes;098;Santo Eduardo;"E.E. MARECHAL RONDON";170;36;14,23%;1
SECAO;Campos dos Goytacazes;075;Travessão;"COLÉGIO MUNICIPAL TIRADENTES";300;36;13,58%;1
SECAO;Campos dos Goytacazes;076;Goitacazes;"COLÉGIO ESTADUAL MODELO";050;35;18,52%;1
SECAO;Campos dos Goytacazes;075;Pelinca;"E.M. NOSSA SENHORA DA PAZ";162;35;13,16%;1
SECAO;Campos dos Goytacazes;098;Centro;"UNIDADE ESCOLAR DO CENTRO";101;35;9,28%;1
SECAO;Campos dos Goytacazes;075;Ururaí;"C.M. DR. CARLOS NUNES";269;35;10,80%;1
SECAO;Campos dos Goytacazes;098;Morro do Coco;"E.M. MONTEIRO LOBATO";236;35;8,33%;1
SECAO;Campos dos Goytacazes;075;Dores de Macabu;"E.E. DR. HÉLIO FARIA";388;35;14,52%;1
SECAO;Campos dos Goytacazes;129;Centro;"E.E. PROFESSORA ANA MARIA DE SOUZA";040;34;19,77%;1
SECAO;Campos dos Goytacazes;129;Centro;"E.E. PROFESSORA ANA MARIA DE SOUZA";045;34;8,10%;1
SECAO;Campos dos Goytacazes;076;Centro;"E.E. VEREADOR JOÃO BATISTA";148;34;15,45%;1
SECAO;Campos dos Goytacazes;076;Jardim Carioca;"COLÉGIO MUNICIPAL ESPERANÇA";189;34;8,10%;1
SECAO;Campos dos Goytacazes;076;Jardim Carioca;"COLÉGIO MUNICIPAL ESPERANÇA";191;34;12,50%;1
SECAO;Campos dos Goytacazes;075;Goitacazes;"E.M. SÃO JOSÉ OPERÁRIO";127;34;18,58%;1
SECAO;Campos dos Goytacazes;076;Jardim Carioca;"ESCOLA ESTADUAL SANTA RITA";228;34;15,11%;1
SECAO;Campos dos Goytacazes;129;Parque São Caetano;"CIEP 166 – PARQUE SÃO CAETANO";292;34;8,10%;1
SECAO;Campos dos Goytacazes;076;Dores de Macabu;"COLÉGIO MUNICIPAL JOSÉ DA SILVA";328;34;8,10%;1
SECAO;Campos dos Goytacazes;129;Parque Jockey Club;"EMEI JOSÉ DA SILVA";409;34;8,10%;1
SECAO;Campos dos Goytacazes;076;Ibitioca;"CIEP 1846 – IBITIOCA";531;34;18,38%;1
SECAO;Campos dos Goytacazes;129;Parque Guarus;"E.M. JOSÉ ALVES PEREIRA";083;33;17,93%;1
SECAO;Campos dos Goytacazes;075;Parque Leopoldina;"INSTITUTO DE EDUCAÇÃO NORTE";085;33;8,53%;1
SECAO;Campos dos Goytacazes;129;Parque Guarus;"CIEP 245 – PARQUE GUARUS";176;33;7,86%;1
SECAO;Campos dos Goytacazes;075;Goitacazes;"E.M. SÃO JOSÉ OPERÁRIO";128;33;7,86%;1
SECAO;Campos dos Goytacazes;076;Jardim Carioca;"ESCOLA ESTADUAL SANTA RITA";229;33;18,23%;1
SECAO;Campos dos Goytacazes;075;Morro do Coco;"COLÉGIO ESTADUAL DO LITORAL";191;33;16,26%;1
SECAO;Campos dos Goytacazes;075;Ururaí;"CIEP 302 – URURAÍ";226;33;7,86%;1
SECAO;Campos dos Goytacazes;129;Centro;"E.E. MARIA DAS GRAÇAS";214;33;18,03%;1
SECAO;Campos dos Goytacazes;129;Parque Tamandaré;"E.E. DONA ROSA";376;33;7,86%;1
SECAO;Campos dos Goytacazes;129;Centro;"E.E. PROFESSORA ANA MARIA DE SOUZA";047;32;19,28%;1
SECAO;Campos dos Goytacazes;129;Parque Guarus;"E.M. JOSÉ ALVES PEREIRA";086;32;7,62%;1
SECAO;Campos dos Goytacazes;129;Parque Guarus;"E.M. JOSÉ ALVES PEREIRA";087;32;10,13%;1
SECAO;Campos dos Goytacazes;076;Goitacazes;"C.E. DOUTOR PAULO RIBEIRO";104;32;17,30%;1
SECAO;Campos dos Goytacazes;129;Parque Aurora;"EMEI CRIANÇA FELIZ";105;32;12,45%;1
SECAO;Campos dos Goytacazes;076;Centro;"E.E. VEREADOR JOÃO BATISTA";149;32;16,58%;1
SECAO;Campos dos Goytacazes;076;Centro;"E.E. VEREADOR JOÃO BATISTA";152;32;11,35%;1
SECAO;Campos dos Goytacazes;076;Jardim Carioca;"COLÉGIO MUNICIPAL ESPERANÇA";192;32;14,55%;1
SECAO;Campos dos Goytacazes;098;Centro;"UNIDADE ESCOLAR DO CENTRO";104;32;8,67%;1
SECAO;Campos dos Goytacazes;075;Goytacazes;"EMEI VOVÓ LUZIA";212;32;11,03%;1
SECAO;Campos dos Goytacazes;075;Ururaí;"CIEP 302 – URURAÍ";230;32;10,19%;1
SECAO;Campos dos Goytacazes;129;Jardim Carioca;"E.M. MARIA DAS GRAÇAS";239;32;7,62%;1
SECAO;Campos dos Goytacazes;075;Ururaí;"COLÉGIO MUNICIPAL PROFª LÚCIA MOTA";261;32;13,91%;1
SECAO;Campos dos Goytacazes;098;Vila da Rainha;"CIEP 1258 – VILA DA RAINHA";432;32;16,67%;1
SECAO;Campos dos Goytacazes;098;Murundu;"CIEP 1615 – MURUNDU";460;32;13,17%;1
SECAO;Campos dos Goytacazes;076;Ibitioca;"CIEP 1846 – IBITIOCA";534;32;9,61%;1
SECAO;Campos dos Goytacazes;098;Mussurepe;"CIEP 2203 – MUSSUREPE";501;32;9,73%;1
SECAO;Campos dos Goytacazes;076;Goitacazes;"COLÉGIO ESTADUAL MODELO";051;31;9,63%;1
SECAO;Campos dos Goytacazes;129;Parque Guarus;"E.M. JOSÉ ALVES PEREIRA";089;31;7,38%;1
SECAO;Campos dos Goytacazes;075;Parque Califórnia;"E.M. MARIA DA PENHA LIMA";041;31;7,38%;1
SECAO;Campos dos Goytacazes;075;Parque Leopoldina;"INSTITUTO DE EDUCAÇÃO NORTE";089;31;12,30%;1
SECAO;Campos dos Goytacazes;129;Parque Aurora;"EMEI CRIANÇA FELIZ";106;31;8,86%;1
SECAO;Campos dos Goytacazes;129;Jardim Carioca;"C.E. MARIA DAS GRAÇAS";247;31;9,69%;1
SECAO;Campos dos Goytacazes;076;Tocos;"C.M. PROFª ALICE SOUZA";301;31;12,97%;1
SECAO;Campos dos Goytacazes;076;Dores de Macabu;"C.M. PROF. RAUL CAMPOS";334;31;7,89%;1
SECAO;Campos dos Goytacazes;098;Lapa;"CIEP 670 – LAPA";379;31;13,72%;1
SECAO;Campos dos Goytacazes;075;Parque Rosário;"CIEP 943 – PARQUE ROSÁRIO";479;31;16,40%;1
SECAO;Campos dos Goytacazes;076;Goitacazes;"COLÉGIO ESTADUAL MODELO";052;30;14,63%;1
SECAO;Campos dos Goytacazes;076;Parque Guarus;"ESCOLA TÉCNICA MUNICIPAL CENTRAL";076;30;9,55%;1
SECAO;Campos dos Goytacazes;075;Parque Leopoldina;"INSTITUTO DE EDUCAÇÃO NORTE";090;30;17,75%;1
SECAO;Campos dos Goytacazes;129;Jardim Carioca;"C.M. PREFEITO ANTÔNIO CARLOS";135;30;17,54%;1
SECAO;Campos dos Goytacazes;098;Parque Eldorado;"C.E. PROFESSOR LUIZ COSTA";078;30;7,14%;1
SECAO;Campos dos Goytacazes;075;Pelinca;"E.M. NOSSA SENHORA DA PAZ";164;30;10,10%;1
SECAO;Campos dos Goytacazes;098;Centro;"UNIDADE ESCOLAR DO CENTRO";107;30;7,14%;1
SECAO;Campos dos Goytacazes;098;Parque São Caetano;"E.M. PROFESSORA HELENA DIAS";125;30;10,83%;1
SECAO;Campos dos Goytacazes;098;Parque São Caetano;"E.M. PROFESSORA HELENA DIAS";126;30;13,04%;1
SECAO;Campos dos Goytacazes;129;Travessão;"CIEP 145 – TRAVESSÃO";275;30;7,16%;1
SECAO;Campos dos Goytacazes;098;Parque Santo Amaro;"E.E. JOSÉ DA SILVA";359;30;12,40%;1
SECAO;Campos dos Goytacazes;098;Parque Rosário;"CIEP 985 – PARQUE ROSÁRIO";403;30;19,61%;1
SECAO;Campos dos Goytacazes;076;Vila da Rainha;"CIEP 1321 – VILA DA RAINHA";499;30;15,87%;1
SECAO;Campos dos Goytacazes;098;Murundu;"CIEP 1573 – MURUNDU";452;30;17,65%;1
SECAO;Campos dos Goytacazes;075;Ibitioca;"CIEP 1867 – IBITIOCA";551;30;11,90%;1
SECAO;Campos dos Goytacazes;076;Parque Prazeres;"CIEP 2413 – PARQUE PRAZERES";587;30;14,29%;1
SECAO;Campos dos Goytacazes;098;Parque Prazeres;"CIEP 2434 – PARQUE PRAZERES";505;30;14,71%;1
SECAO;Campos dos Goytacazes;129;Centro;"E.E. PROFESSORA ANA MARIA DE SOUZA";051;29;11,15%;1
SECAO;Campos dos Goytacazes;129;Centro;"E.E. PROFESSORA ANA MARIA DE SOUZA";052;29;15,26%;1
SECAO;Campos dos Goytacazes;076;Goitacazes;"C.E. DOUTOR PAULO RIBEIRO";108;29;13,43%;1
SECAO;Campos dos Goytacazes;129;Jardim Carioca;"C.M. PREFEITO ANTÔNIO CARLOS";139;29;16,57%;1
SECAO;Campos dos Goytacazes;098;Centro;"UNIDADE ESCOLAR DO CENTRO";109;29;10,58%;1
SECAO;Campos dos Goytacazes;098;Travessão;"E.M. RURAL DE TRAVESSÃO";150;29;17,16%;1
SECAO;Campos dos Goytacazes;075;Goytacazes;"EMEI VOVÓ LUZIA";215;29;7,99%;1
SECAO;Campos dos Goytacazes;075;Ururaí;"CIEP 302 – URURAÍ";233;29;19,33%;1
SECAO;Campos dos Goytacazes;075;Ururaí;"C.E. PROF. JOÃO ROCHA";278;29;16,29%;1
SECAO;Campos dos Goytacazes;075;Santo Eduardo;"E.E. NOSSA SENHORA DAS DORES";341;29;10,25%;1
SECAO;Campos dos Goytacazes;129;Parque Tamandaré;"CIEP 292 – PARQUE TAMANDARÉ";384;29;19,33%;1
SECAO;Campos dos Goytacazes;076;Parque Jockey Club;"CIEP 376 – PARQUE JOCKEY CLUB";401;29;6,90%;1
SECAO;Campos dos Goytacazes;076;Lapa;"CIEP 628 – LAPA";445;29;8,55%;1
SECAO;Campos dos Goytacazes;075;Lapa;"EMEI PROF. RAUL CAMPOS";467;29;10,14%;1
SECAO;Campos dos Goytacazes;076;Goitacazes;"C.E. DOUTOR PAULO RIBEIRO";110;28;11,34%;1
SECAO;Campos dos Goytacazes;129;Jardim Carioca;"C.M. PREFEITO ANTÔNIO CARLOS";143;28;12,02%;1
SECAO;Campos dos Goytacazes;129;Parque Guarus;"CIEP 245 – PARQUE GUARUS";177;28;18,67%;1
SECAO;Campos dos Goytacazes;076;Jardim Carioca;"COLÉGIO MUNICIPAL ESPERANÇA";196;28;9,62%;1
SECAO;Campos dos Goytacazes;098;Parque São Caetano;"C.E. CECÍLIA MEIRELES";221;28;6,67%;1
SECAO;Campos dos Goytacazes;076;Parque Santo Amaro;"CIEP 523 – PARQUE SANTO AMARO";425;28;18,67%;1
SECAO;Campos dos Goytacazes;129;Vila da Rainha;"CIEP 1300 – VILA DA RAINHA";496;28;6,67%;1
SECAO;Campos dos Goytacazes;076;São Sebastião;"CIEP 2728 – SÃO SEBASTIÃO";599;28;15,38%;1
SECAO;Campos dos Goytacazes;076;Goitacazes;"COLÉGIO ESTADUAL MODELO";053;27;14,36%;1
SECAO;Campos dos Goytacazes;129;Parque Aurora;"EMEI CRIANÇA FELIZ";108;27;17,09%;1
SECAO;Campos dos Goytacazes;129;Jardim Carioca;"C.M. PREFEITO ANTÔNIO CARLOS";146;27;12,80%;1
SECAO;Campos dos Goytacazes;075;Goitacazes;"E.M. SÃO JOSÉ OPERÁRIO";132;27;15,00%;1
SECAO;Campos dos Goytacazes;098;Travessão;"E.M. RURAL DE TRAVESSÃO";151;27;8,06%;1
SECAO;Campos dos Goytacazes;129;Goitacazes;"C.M. GOITACÁ";202;27;17,31%;1
SECAO;Campos dos Goytacazes;075;Parque Califórnia;"C.E. ANTÔNIO PEREIRA";248;27;15,52%;1
SECAO;Campos dos Goytacazes;075;Ururaí;"COLÉGIO MUNICIPAL PROFª LÚCIA MOTA";263;27;16,27%;1
SECAO;Campos dos Goytacazes;098;Ururaí;"ESCOLA ESTADUAL SÃO FRANCISCO";192;27;18,00%;1
SECAO;Campos dos Goytacazes;075;Travessão;"ESCOLA ESTADUAL TIRADENTES";308;27;13,78%;1
SECAO;Campos dos Goytacazes;075;Tocos;"C.E. SANTA TEREZINHA";365;27;14,14%;1
SECAO;Campos dos Goytacazes;129;Lapa;"CIEP 712 – LAPA";473;27;12,50%;1
SECAO;Campos dos Goytacazes;129;Ibitioca;"CIEP 1888 – IBITIOCA";514;27;13,57%;1
SECAO;Campos dos Goytacazes;075;São Sebastião;"CIEP 2665 – SÃO SEBASTIÃO";596;27;16,67%;1
SECAO;Campos dos Goytacazes;129;Parque Guarus;"E.M. JOSÉ ALVES PEREIRA";090;26;12,21%;1
SECAO;Campos dos Goytacazes;129;Parque Aurora;"EMEI CRIANÇA FELIZ";109;26;11,11%;1
SECAO;Campos dos Goytacazes;098;Parque Eldorado;"C.E. PROFESSOR LUIZ COSTA";080;26;17,33%;1
SECAO;Campos dos Goytacazes;098;Parque São Caetano;"E.M. PROFESSORA HELENA DIAS";128;26;7,85%;1
SECAO;Campos dos Goytacazes;098;Parque São Caetano;"E.M. PROFESSORA HELENA DIAS";132;26;6,81%;1
SECAO;Campos dos Goytacazes;129;Goitacazes;"C.M. GOITACÁ";204;26;14,69%;1
SECAO;Campos dos Goytacazes;129;Centro;"CIEP 103 – CENTRO";222;26;6,19%;1
SECAO;Campos dos Goytacazes;075;Ururaí;"E.M. PROF. JOÃO ROCHA";273;26;16,99%;1
SECAO;Campos dos Goytacazes;098;Goytacazes;"C.M. RUI BARBOSA";254;26;16,46%;1
SECAO;Campos dos Goytacazes;075;Goytacazes;"E.M. PROFª ALICE SOUZA";322;26;13,40%;1
SECAO;Campos dos Goytacazes;076;Parque Jockey Club;"ESCOLA ESTADUAL DR. HÉLIO FARIA";383;26;8,41%;1
SECAO;Campos dos Goytacazes;076;Parque Jockey Club;"C.E. PROF. RAUL CAMPOS";393;26;12,87%;1
SECAO;Campos dos Goytacazes;129;Parque Jockey Club;"COLÉGIO MUNICIPAL ANTÔNIO PEREIRA";421;26;9,00%;1
SECAO;Campos dos Goytacazes;075;Parque Santo Amaro;"C.M. SANTA TEREZINHA";440;26;15,66%;1
SECAO;Campos dos Goytacazes;075;Mussurepe;"CIEP 2182 – MUSSUREPE";571;26;14,05%;1
SECAO;Campos dos Goytacazes;098;Goitacazes;"CIEP 101 – BRIZOLÃO EXEMPLO";046;25;16,67%;1
SECAO;Campos dos Goytacazes;098;Parque Eldorado;"C.E. PROFESSOR LUIZ COSTA";081;25;16,67%;1
SECAO;Campos dos Goytacazes;098;Centro;"UNIDADE ESCOLAR DO CENTRO";110;25;6,22%;1
SECAO;Campos dos Goytacazes;129;Goitacazes;"C.M. GOITACÁ";205;25;11,68%;1
SECAO;Campos dos Goytacazes;129;Jardim Carioca;"C.M. JOSÉ DA SILVA";230;25;11,26%;1
SECAO;Campos dos Goytacazes;098;Ururaí;"ESCOLA ESTADUAL PROF. JOÃO ROCHA";197;25;16,67%;1
SECAO;Campos dos Goytacazes;076;Goytacazes;"COLÉGIO MUNICIPAL PROFª ALICE SOUZA";277;25;16,67%;1
SECAO;Campos dos Goytacazes;129;Parque Santo Amaro;"CIEP 502 – PARQUE SANTO AMARO";452;25;16,67%;1
SECAO;Campos dos Goytacazes;076;Lapa;"CIEP 691 – LAPA";453;25;5,95%;1
SECAO;Campos dos Goytacazes;098;Parque Rosário;"CIEP 1048 – PARQUE ROSÁRIO";410;25;14,12%;1
SECAO;Campos dos Goytacazes;075;Vila da Rainha;"CIEP 1384 – VILA DA RAINHA";518;25;16,67%;1
SECAO;Campos dos Goytacazes;098;Murundu;"CIEP 1636 – MURUNDU";465;25;14,97%;1
SECAO;Campos dos Goytacazes;129;São Sebastião;"CIEP 2770 – SÃO SEBASTIÃO";569;25;10,73%;1
SECAO;Campos dos Goytacazes;076;Goitacazes;"C.E. DOUTOR PAULO RIBEIRO";115;24;16,00%;1
SECAO;Campos dos Goytacazes;075;Goytacazes;"EMEI VOVÓ LUZIA";218;24;15,89%;1
SECAO;Campos dos Goytacazes;076;Goytacazes;"COLÉGIO MUNICIPAL PROFª ALICE SOUZA";280;24;16,00%;1
SECAO;Campos dos Goytacazes;129;Tocos;"E.M. SANTA TEREZINHA";323;24;14,20%;1
SECAO;Campos dos Goytacazes;129;Parque Jockey Club;"C.M. ANTÔNIO PEREIRA";416;24;10,48%;1
SECAO;Campos dos Goytacazes;075;Parque Rosário;"CIEP 1006 – PARQUE ROSÁRIO";487;24;12,12%;1
SECAO;Campos dos Goytacazes;075;Vila da Rainha;"CIEP 1405 – VILA DA RAINHA";526;24;10,71%;1
SECAO;Campos dos Goytacazes;076;Murundu;"CIEP 1594 – MURUNDU";516;24;16,00%;1
SECAO;Campos dos Goytacazes;076;Mussurepe;"CIEP 2119 – MUSSUREPE";547;24;14,91%;1
SECAO;Campos dos Goytacazes;075;Mussurepe;"CIEP 2161 – MUSSUREPE";562;24;14,63%;1
SECAO;Campos dos Goytacazes;076;São Sebastião;"CIEP 2686 – SÃO SEBASTIÃO";594;24;12,77%;1
SECAO;Campos dos Goytacazes;129;Parque Guarus;"CIEP 245 – PARQUE GUARUS";179;23;12,99%;1
SECAO;Campos dos Goytacazes;075;Morro do Coco;"COLÉGIO ESTADUAL DO LITORAL";194;23;7,67%;1
SECAO;Campos dos Goytacazes;129;Jardim Carioca;"C.M. JOSÉ DA SILVA";233;23;12,30%;1
SECAO;Campos dos Goytacazes;098;Parque Califórnia;"COLÉGIO MUNICIPAL SÃO FRANCISCO";185;23;13,69%;1
SECAO;Campos dos Goytacazes;076;Parque Leopoldina;"C.E. PADRE ANCHIETA";241;23;15,33%;1
SECAO;Campos dos Goytacazes;075;Santo Eduardo;"CIEP 187 – SANTO EDUARDO";349;23;8,30%;1
SECAO;Campos dos Goytacazes;129;Tocos;"ESCOLA ESTADUAL MACHADO DE ASSIS";318;23;15,33%;1
SECAO;Campos dos Goytacazes;075;Dores de Macabu;"ESCOLA ESTADUAL MARIA DAS GRAÇAS";398;23;5,62%;1
SECAO;Campos dos Goytacazes;098;Parque Tamandaré;"EMEI DONA ROSA";316;23;15,33%;1
SECAO;Campos dos Goytacazes;098;Parque Tamandaré;"EMEI DONA ROSA";318;23;11,50%;1
SECAO;Campos dos Goytacazes;129;Parque Jockey Club;"C.M. DR. HÉLIO FARIA";400;23;10,90%;1
SECAO;Campos dos Goytacazes;098;Vila da Rainha;"CIEP 1363 – VILA DA RAINHA";440;23;5,69%;1
SECAO;Campos dos Goytacazes;076;Ibitioca;"CIEP 1846 – IBITIOCA";537;23;14,94%;1
SECAO;Campos dos Goytacazes;076;Parque Prazeres;"CIEP 2392 – PARQUE PRAZERES";578;23;15,33%;1
SECAO;Campos dos Goytacazes;098;Parque Prazeres;"CIEP 2476 – PARQUE PRAZERES";516;23;10,65%;1
SECAO;Campos dos Goytacazes;129;São Sebastião;"CIEP 2707 – SÃO SEBASTIÃO";554;23;7,57%;1
SECAO;Campos dos Goytacazes;075;Ururaí;"C.M. PROF. JOÃO ROCHA";283;22;11,46%;1
SECAO;Campos dos Goytacazes;075;Travessão;"ESCOLA ESTADUAL TIRADENTES";310;22;7,21%;1
SECAO;Campos dos Goytacazes;129;Tocos;"E.M. SANTA TEREZINHA";324;22;6,73%;1
SECAO;Campos dos Goytacazes;129;Tocos;"EMEI VEREADOR PAULO MELO";326;22;14,67%;1
SECAO;Campos dos Goytacazes;076;Parque Tamandaré;"CIEP 271 – PARQUE TAMANDARÉ";348;22;13,58%;1
SECAO;Campos dos Goytacazes;098;Parque Jockey Club;"EMEI MARIA DAS GRAÇAS";331;22;12,43%;1
SECAO;Campos dos Goytacazes;098;Parque Santo Amaro;"CIEP 481 – PARQUE SANTO AMARO";353;22;9,32%;1
SECAO;Campos dos Goytacazes;075;Parque Santo Amaro;"C.M. SANTA TEREZINHA";444;22;10,78%;1
SECAO;Campos dos Goytacazes;076;Lapa;"CIEP 628 – LAPA";448;22;13,58%;1
SECAO;Campos dos Goytacazes;076;Lapa;"CIEP 691 – LAPA";457;22;8,18%;1
SECAO;Campos dos Goytacazes;076;Parque Rosário;"CIEP 1027 – PARQUE ROSÁRIO";473;22;9,44%;1
SECAO;Campos dos Goytacazes;076;Mussurepe;"CIEP 2224 – MUSSUREPE";552;22;14,67%;1
SECAO;Campos dos Goytacazes;098;Parque Prazeres;"CIEP 2455 – PARQUE PRAZERES";512;22;5,24%;2
SECAO;Campos dos Goytacazes;075;Goitacazes;"E.M. SÃO JOSÉ OPERÁRIO";134;21;11,67%;1
SECAO;Campos dos Goytacazes;076;Parque Leopoldina;"C.E. PADRE ANCHIETA";243;21;8,37%;1
SECAO;Campos dos Goytacazes;098;Ururaí;"ESCOLA ESTADUAL SÃO FRANCISCO";195;21;12,65%;1
SECAO;Campos dos Goytacazes;129;Travessão;"CIEP 145 – TRAVESSÃO";276;21;14,00%;1
SECAO;Campos dos Goytacazes;129;Tocos;"ESCOLA ESTADUAL MACHADO DE ASSIS";319;21;10,50%;1
SECAO;Campos dos Goytacazes;075;Tocos;"C.E. SANTA TEREZINHA";368;21;13,38%;1
SECAO;Campos dos Goytacazes;076;Tocos;"C.M. MACHADO DE ASSIS";312;21;14,00%;1
SECAO;Campos dos Goytacazes;098;Dores de Macabu;"C.E. JOSÉ DA SILVA";291;21;6,31%;1
SECAO;Campos dos Goytacazes;076;Parque Jockey Club;"ESCOLA ESTADUAL DR. HÉLIO FARIA";387;21;5,33%;1
SECAO;Campos dos Goytacazes;129;Parque Jockey Club;"CIEP 397 – PARQUE JOCKEY CLUB";429;21;10,66%;1
SECAO;Campos dos Goytacazes;098;Lapa;"CIEP 733 – LAPA";383;21;11,35%;1
SECAO;Campos dos Goytacazes;075;Parque Rosário;"CIEP 943 – PARQUE ROSÁRIO";482;21;5,40%;1
SECAO;Campos dos Goytacazes;076;Parque Rosário;"CIEP 1111 – PARQUE ROSÁRIO";485;21;5,79%;1
SECAO;Campos dos Goytacazes;075;Vila da Rainha;"CIEP 1279 – VILA DA RAINHA";509;21;14,00%;1
SECAO;Campos dos Goytacazes;129;Vila da Rainha;"CIEP 1300 – VILA DA RAINHA";498;21;14,00%;1
SECAO;Campos dos Goytacazes;129;Ibitioca;"CIEP 1888 – IBITIOCA";515;21;14,00%;1
SECAO;Campos dos Goytacazes;129;Ibitioca;"CIEP 1909 – IBITIOCA";518;21;10,05%;1
SECAO;Campos dos Goytacazes;075;São Sebastião;"CIEP 2665 – SÃO SEBASTIÃO";597;21;14,00%;1
SECAO;Campos dos Goytacazes;129;Centro;"CIEP 103 – CENTRO";223;20;7,43%;1
SECAO;Campos dos Goytacazes;075;Jardim Carioca;"EMEI PROFª LÚCIA MOTA";244;20;12,74%;1
SECAO;Campos dos Goytacazes;075;Parque Califórnia;"C.E. ANTÔNIO PEREIRA";251;20;13,33%;1
SECAO;Campos dos Goytacazes;098;Morro do Coco;"E.M. MONTEIRO LOBATO";239;20;13,33%;1
SECAO;Campos dos Goytacazes;075;Dores de Macabu;"CIEP 229 – DORES DE MACABU";392;20;13,33%;1
SECAO;Campos dos Goytacazes;129;Parque Tamandaré;"E.E. DONA ROSA";379;20;8,47%;1
SECAO;Campos dos Goytacazes;098;Parque Santo Amaro;"C.E. DR. CARLOS NUNES";362;20;12,82%;1
SECAO;Campos dos Goytacazes;076;Parque Santo Amaro;"CIEP 544 – PARQUE SANTO AMARO";431;20;6,87%;1
SECAO;Campos dos Goytacazes;129;Lapa;"CIEP 775 – LAPA";477;20;7,02%;1
SECAO;Campos dos Goytacazes;075;Vila da Rainha;"CIEP 1279 – VILA DA RAINHA";513;20;13,33%;1
SECAO;Campos dos Goytacazes;098;Vila da Rainha;"CIEP 1342 – VILA DA RAINHA";437;20;13,33%;1
SECAO;Campos dos Goytacazes;098;Mussurepe;"CIEP 2140 – MUSSUREPE";494;20;5,33%;1
SECAO;Campos dos Goytacazes;076;Parque Prazeres;"CIEP 2392 – PARQUE PRAZERES";582;20;9,57%;1
SECAO;Campos dos Goytacazes;129;São Sebastião;"CIEP 2749 – SÃO SEBASTIÃO";562;20;11,90%;1
SECAO;Campos dos Goytacazes;098;Santo Eduardo;"E.E. MARECHAL RONDON";174;19;12,67%;1
SECAO;Campos dos Goytacazes;075;Ururaí;"E.M. PROF. JOÃO ROCHA";275;19;12,67%;1
SECAO;Campos dos Goytacazes;098;Travessão;"EMEI TIRADENTES";207;19;12,67%;1
SECAO;Campos dos Goytacazes;098;Morro do Coco;"C.E. RUI BARBOSA";245;19;12,67%;1
SECAO;Campos dos Goytacazes;098;Goytacazes;"C.M. RUI BARBOSA";256;19;11,24%;1
SECAO;Campos dos Goytacazes;129;Tocos;"E.M. PROF. RAUL CAMPOS";336;19;12,67%;1
SECAO;Campos dos Goytacazes;075;Dores de Macabu;"E.E. ANTÔNIO PEREIRA";403;19;12,67%;1
SECAO;Campos dos Goytacazes;098;Dores de Macabu;"EMEI ANTÔNIO PEREIRA";304;19;10,98%;1
SECAO;Campos dos Goytacazes;129;Parque Jockey Club;"E.E. PADRE ANCHIETA";436;19;10,80%;1
SECAO;Campos dos Goytacazes;129;Parque Santo Amaro;"CIEP 502 – PARQUE SANTO AMARO";453;19;9,41%;1
SECAO;Campos dos Goytacazes;098;Parque Santo Amaro;"E.E. JOSÉ DA SILVA";360;19;8,05%;1
SECAO;Campos dos Goytacazes;098;Parque Rosário;"CIEP 1069 – PARQUE ROSÁRIO";415;19;12,67%;1
SECAO;Campos dos Goytacazes;076;Murundu;"CIEP 1594 – MURUNDU";519;19;12,67%;1
SECAO;Campos dos Goytacazes;075;Ibitioca;"CIEP 1867 – IBITIOCA";552;19;12,67%;1
SECAO;Campos dos Goytacazes;129;Ibitioca;"CIEP 1951 – IBITIOCA";524;19;4,92%;2
SECAO;Campos dos Goytacazes;098;Ibitioca;"CIEP 1972 – IBITIOCA";485;19;8,76%;1
SECAO;Campos dos Goytacazes;075;Mussurepe;"CIEP 2182 – MUSSUREPE";574;19;12,67%;1
SECAO;Campos dos Goytacazes;076;Parque Prazeres;"CIEP 2413 – PARQUE PRAZERES";589;19;12,67%;1
SECAO;Campos dos Goytacazes;076;Parque Prazeres;"CIEP 2581 – PARQUE PRAZERES";592;19;12,67%;1
SECAO;Campos dos Goytacazes;129;Centro;"E.E. MARIA DAS GRAÇAS";217;18;6,43%;1
SECAO;Campos dos Goytacazes;076;Parque Leopoldina;"C.E. PADRE ANCHIETA";247;18;12,00%;1
SECAO;Campos dos Goytacazes;129;Travessão;"C.E. MONTEIRO LOBATO";283;18;10,59%;1
SECAO;Campos dos Goytacazes;098;Pelinca;"E.M. CECÍLIA MEIRELES";218;18;12,00%;1
SECAO;Campos dos Goytacazes;129;Tocos;"EMEI VEREADOR PAULO MELO";329;18;7,93%;1
SECAO;Campos dos Goytacazes;075;Tocos;"COLÉGIO MUNICIPAL NOSSA SENHORA DAS DORES";369;18;7,26%;1
SECAO;Campos dos Goytacazes;129;Tocos;"ESCOLA ESTADUAL VEREADOR PAULO MELO";332;18;8,78%;1
SECAO;Campos dos Goytacazes;075;Dores de Macabu;"CIEP 229 – DORES DE MACABU";394;18;12,00%;1
SECAO;Campos dos Goytacazes;076;Parque Tamandaré;"COLÉGIO MUNICIPAL CECÍLIA MEIRELES";356;18;9,84%;1
SECAO;Campos dos Goytacazes;075;Murundu;"CIEP 1657 – MURUNDU";530;18;5,75%;1
SECAO;Campos dos Goytacazes;098;Murundu;"CIEP 1678 – MURUNDU";467;18;12,00%;1
SECAO;Campos dos Goytacazes;075;Mussurepe;"CIEP 2161 – MUSSUREPE";566;18;9,28%;1
SECAO;Campos dos Goytacazes;129;Mussurepe;"CIEP 2245 – MUSSUREPE";541;18;12,00%;1
SECAO;Campos dos Goytacazes;098;Parque Prazeres;"CIEP 2455 – PARQUE PRAZERES";514;18;4,84%;2
SECAO;Campos dos Goytacazes;098;Parque Prazeres;"CIEP 2518 – PARQUE PRAZERES";524;18;12,00%;1
SECAO;Campos dos Goytacazes;076;São Sebastião;"CIEP 2686 – SÃO SEBASTIÃO";595;18;12,00%;1
SECAO;Campos dos Goytacazes;129;São Sebastião;"CIEP 2749 – SÃO SEBASTIÃO";566;18;12,00%;1
SECAO;Campos dos Goytacazes;075;Jardim Carioca;"E.E. PROFª LÚCIA MOTA";237;17;11,33%;1
SECAO;Campos dos Goytacazes;076;Ururaí;"E.E. PROF. JOÃO ROCHA";260;17;6,27%;1
SECAO;Campos dos Goytacazes;076;Ururaí;"E.E. PROF. JOÃO ROCHA";262;17;11,33%;1
SECAO;Campos dos Goytacazes;129;Ururaí;"E.M. PADRE ANCHIETA";263;17;6,94%;1
SECAO;Campos dos Goytacazes;075;Goytacazes;"E.M. PROFª ALICE SOUZA";325;17;9,34%;1
SECAO;Campos dos Goytacazes;075;Goytacazes;"C.E. NOSSA SENHORA DAS DORES";329;17;5,63%;1
SECAO;Campos dos Goytacazes;075;Santo Eduardo;"ESCOLA ESTADUAL PROFª ALICE SOUZA";354;17;7,17%;1
SECAO;Campos dos Goytacazes;075;Santo Eduardo;"C.M. VEREADOR PAULO MELO";359;17;10,00%;1
SECAO;Campos dos Goytacazes;075;Tocos;"COLÉGIO MUNICIPAL NOSSA SENHORA DAS DORES";371;17;11,33%;1
SECAO;Campos dos Goytacazes;098;Tocos;"C.E. MACHADO DE ASSIS";275;17;11,33%;1
SECAO;Campos dos Goytacazes;098;Dores de Macabu;"C.E. JOSÉ DA SILVA";295;17;8,10%;1
SECAO;Campos dos Goytacazes;098;Dores de Macabu;"C.E. JOSÉ DA SILVA";297;17;11,33%;1
SECAO;Campos dos Goytacazes;129;Dores de Macabu;"ESCOLA ESTADUAL ANTÔNIO PEREIRA";356;17;11,33%;1
SECAO;Campos dos Goytacazes;129;Parque Tamandaré;"C.M. SÃO FRANCISCO";370;17;6,91%;1
SECAO;Campos dos Goytacazes;076;Parque Jockey Club;"C.E. PROF. RAUL CAMPOS";395;17;6,83%;1
SECAO;Campos dos Goytacazes;076;Parque Jockey Club;"E.M. JOSÉ DA SILVA";407;17;11,33%;1
SECAO;Campos dos Goytacazes;076;Parque Jockey Club;"E.M. JOSÉ DA SILVA";411;17;5,38%;1
SECAO;Campos dos Goytacazes;098;Lapa;"CIEP 670 – LAPA";382;17;11,33%;1
SECAO;Campos dos Goytacazes;098;Vila da Rainha;"CIEP 1342 – VILA DA RAINHA";438;17;5,82%;1
SECAO;Campos dos Goytacazes;098;Murundu;"CIEP 1573 – MURUNDU";456;17;10,76%;1
SECAO;Campos dos Goytacazes;129;Ibitioca;"CIEP 1993 – IBITIOCA";531;17;5,92%;1
SECAO;Campos dos Goytacazes;076;Mussurepe;"CIEP 2119 – MUSSUREPE";548;17;11,33%;1
SECAO;Campos dos Goytacazes;098;Mussurepe;"CIEP 2140 – MUSSUREPE";497;17;11,33%;1
SECAO;Campos dos Goytacazes;076;Parque Prazeres;"CIEP 2497 – PARQUE PRAZERES";590;17;11,33%;1
SECAO;Campos dos Goytacazes;129;São Sebastião;"CIEP 2707 – SÃO SEBASTIÃO";556;17;11,33%;1
SECAO;Campos dos Goytacazes;129;Centro;"E.E. MARIA DAS GRAÇAS";218;16;10,67%;1
SECAO;Campos dos Goytacazes;075;Jardim Carioca;"E.E. PROFª LÚCIA MOTA";241;16;10,67%;1
SECAO;Campos dos Goytacazes;075;Parque Califórnia;"EMEI DR. CARLOS NUNES";255;16;10,67%;1
SECAO;Campos dos Goytacazes;076;Parque Leopoldina;"CIEP 124 – PARQUE LEOPOLDINA";254;16;10,26%;1
SECAO;Campos dos Goytacazes;129;Tocos;"ESCOLA ESTADUAL VEREADOR PAULO MELO";334;16;6,50%;1
SECAO;Campos dos Goytacazes;129;Parque Jockey Club;"C.M. DR. HÉLIO FARIA";401;16;10,67%;1
SECAO;Campos dos Goytacazes;098;Parque Santo Amaro;"C.E. DR. CARLOS NUNES";366;16;9,82%;1
SECAO;Campos dos Goytacazes;075;Lapa;"EMEI PROF. RAUL CAMPOS";471;16;6,81%;1
SECAO;Campos dos Goytacazes;076;Lapa;"CIEP 754 – LAPA";458;16;10,67%;1
SECAO;Campos dos Goytacazes;075;Parque Rosário;"CIEP 1006 – PARQUE ROSÁRIO";490;16;10,67%;1
SECAO;Campos dos Goytacazes;076;Parque Rosário;"CIEP 1132 – PARQUE ROSÁRIO";488;16;7,11%;1
SECAO;Campos dos Goytacazes;098;Vila da Rainha;"CIEP 1258 – VILA DA RAINHA";433;16;6,90%;1
SECAO;Campos dos Goytacazes;076;Vila da Rainha;"CIEP 1426 – VILA DA RAINHA";501;16;7,96%;1
SECAO;Campos dos Goytacazes;076;Murundu;"CIEP 1552 – MURUNDU";510;16;10,67%;1
SECAO;Campos dos Goytacazes;098;Murundu;"CIEP 1636 – MURUNDU";466;16;10,67%;1
SECAO;Campos dos Goytacazes;075;Ibitioca;"CIEP 1930 – IBITIOCA";556;16;10,67%;1
SECAO;Campos dos Goytacazes;098;Mussurepe;"CIEP 2140 – MUSSUREPE";499;16;8,04%;1
SECAO;Campos dos Goytacazes;076;Parque Leopoldina;"E.E. DR. CARLOS NUNES";251;15;10,00%;1
SECAO;Campos dos Goytacazes;076;Ururaí;"C.E. DONA ROSA";263;15;10,00%;1
SECAO;Campos dos Goytacazes;098;Morro do Coco;"E.M. MONTEIRO LOBATO";243;15;10,00%;1
SECAO;Campos dos Goytacazes;075;Goytacazes;"C.E. NOSSA SENHORA DAS DORES";331;15;10,00%;1
SECAO;Campos dos Goytacazes;075;Santo Eduardo;"E.E. NOSSA SENHORA DAS DORES";343;15;10,00%;1
SECAO;Campos dos Goytacazes;098;Santo Eduardo;"E.M. VEREADOR PAULO MELO";263;15;10,00%;1
SECAO;Campos dos Goytacazes;129;Santo Eduardo;"E.E. PROFª ALICE SOUZA";308;15;10,00%;1
SECAO;Campos dos Goytacazes;098;Tocos;"CIEP 208 – TOCOS";283;15;4,97%;2
SECAO;Campos dos Goytacazes;076;Dores de Macabu;"COLÉGIO MUNICIPAL JOSÉ DA SILVA";331;15;10,00%;1
SECAO;Campos dos Goytacazes;076;Dores de Macabu;"EMEI DR. HÉLIO FARIA";338;15;8,06%;1
SECAO;Campos dos Goytacazes;129;Dores de Macabu;"CIEP 250 – DORES DE MACABU";351;15;6,73%;1
SECAO;Campos dos Goytacazes;129;Parque Tamandaré;"CIEP 292 – PARQUE TAMANDARÉ";387;15;10,00%;1
SECAO;Campos dos Goytacazes;075;Parque Santo Amaro;"EMEI PADRE ANCHIETA";448;15;10,00%;1
SECAO;Campos dos Goytacazes;076;Lapa;"CIEP 754 – LAPA";461;15;10,00%;1
SECAO;Campos dos Goytacazes;076;Parque Rosário;"CIEP 1027 – PARQUE ROSÁRIO";475;15;5,08%;2
SECAO;Campos dos Goytacazes;076;Murundu;"CIEP 1552 – MURUNDU";514;15;8,29%;1
SECAO;Campos dos Goytacazes;098;Murundu;"CIEP 1573 – MURUNDU";458;15;10,00%;1
SECAO;Campos dos Goytacazes;098;Mussurepe;"CIEP 2203 – MUSSUREPE";502;15;10,00%;1
SECAO;Campos dos Goytacazes;098;Parque Prazeres;"CIEP 2434 – PARQUE PRAZERES";508;15;10,00%;1
SECAO;Campos dos Goytacazes;098;Parque Prazeres;"CIEP 2476 – PARQUE PRAZERES";520;15;8,43%;1
SECAO;Campos dos Goytacazes;075;São Sebastião;"CIEP 2665 – SÃO SEBASTIÃO";599;15;10,00%;1
SECAO;Campos dos Goytacazes;075;Parque Califórnia;"EMEI DR. CARLOS NUNES";259;14;7,73%;1
SECAO;Campos dos Goytacazes;098;Ururaí;"EMEI SÃO FRANCISCO";204;14;5,17%;2
SECAO;Campos dos Goytacazes;129;Parque Aurora;"E.E. TIRADENTES";271;14;9,33%;1
SECAO;Campos dos Goytacazes;075;Travessão;"E.E. CECÍLIA MEIRELES";313;14;6,80%;1
SECAO;Campos dos Goytacazes;129;Parque São Caetano;"CIEP 166 – PARQUE SÃO CAETANO";295;14;9,33%;1
SECAO;Campos dos Goytacazes;129;Parque São Caetano;"COLÉGIO MUNICIPAL RUI BARBOSA";297;14;9,33%;1
SECAO;Campos dos Goytacazes;076;Santo Eduardo;"E.M. RUI BARBOSA";295;14;9,33%;1
SECAO;Campos dos Goytacazes;076;Santo Eduardo;"E.M. RUI BARBOSA";299;14;9,33%;1
SECAO;Campos dos Goytacazes;075;Tocos;"E.E. PROF. RAUL CAMPOS";372;14;9,33%;1
SECAO;Campos dos Goytacazes;076;Dores de Macabu;"C.M. PROF. RAUL CAMPOS";335;14;8,33%;1
SECAO;Campos dos Goytacazes;076;Dores de Macabu;"EMEI DR. HÉLIO FARIA";339;14;9,33%;1
SECAO;Campos dos Goytacazes;076;Parque Tamandaré;"COLÉGIO MUNICIPAL PROF. JOÃO ROCHA";352;14;8,48%;1
SECAO;Campos dos Goytacazes;076;Parque Tamandaré;"EMEI CECÍLIA MEIRELES";365;14;9,33%;1
SECAO;Campos dos Goytacazes;075;Parque Jockey Club;"CIEP 439 – PARQUE JOCKEY CLUB";433;14;6,54%;1
SECAO;Campos dos Goytacazes;076;Parque Rosário;"CIEP 1090 – PARQUE ROSÁRIO";479;14;9,33%;1
SECAO;Campos dos Goytacazes;076;Parque Rosário;"CIEP 1090 – PARQUE ROSÁRIO";483;14;7,73%;1
SECAO;Campos dos Goytacazes;075;Parque Rosário;"CIEP 1153 – PARQUE ROSÁRIO";494;14;9,33%;1
SECAO;Campos dos Goytacazes;129;Ibitioca;"CIEP 2035 – IBITIOCA";536;14;9,33%;1
SECAO;Campos dos Goytacazes;076;São Sebastião;"CIEP 2728 – SÃO SEBASTIÃO";600;14;9,33%;1
SECAO;Campos dos Goytacazes;076;Parque Leopoldina;"E.E. DR. CARLOS NUNES";253;13;8,07%;1
SECAO;Campos dos Goytacazes;075;Dores de Macabu;"ESCOLA ESTADUAL MARIA DAS GRAÇAS";402;13;7,60%;1
SECAO;Campos dos Goytacazes;076;Parque Tamandaré;"CIEP 271 – PARQUE TAMANDARÉ";350;13;8,67%;1
SECAO;Campos dos Goytacazes;129;Parque Jockey Club;"C.M. DR. HÉLIO FARIA";405;13;8,67%;1
SECAO;Campos dos Goytacazes;076;Parque Santo Amaro;"CIEP 544 – PARQUE SANTO AMARO";435;13;8,67%;1
SECAO;Campos dos Goytacazes;076;Parque Santo Amaro;"EMEI PROF. JOÃO ROCHA";437;13;7,93%;1
SECAO;Campos dos Goytacazes;098;Parque Santo Amaro;"CIEP 565 – PARQUE SANTO AMARO";368;13;8,67%;1
SECAO;Campos dos Goytacazes;076;Vila da Rainha;"CIEP 1447 – VILA DA RAINHA";504;13;8,67%;1
SECAO;Campos dos Goytacazes;075;Ibitioca;"CIEP 2014 – IBITIOCA";560;13;8,67%;1
SECAO;Campos dos Goytacazes;076;Ibitioca;"CIEP 2056 – IBITIOCA";540;13;8,67%;1
SECAO;Campos dos Goytacazes;076;Parque Prazeres;"CIEP 2497 – PARQUE PRAZERES";591;13;8,67%;1
SECAO;Campos dos Goytacazes;129;Parque Prazeres;"CIEP 2539 – PARQUE PRAZERES";547;13;8,67%;1
SECAO;Campos dos Goytacazes;075;Parque Prazeres;"CIEP 2560 – PARQUE PRAZERES";580;13;8,67%;1
SECAO;Campos dos Goytacazes;129;São Sebastião;"CIEP 2791 – SÃO SEBASTIÃO";573;13;8,67%;1
SECAO;Campos dos Goytacazes;129;Ururaí;"E.M. PADRE ANCHIETA";264;12;7,36%;1
SECAO;Campos dos Goytacazes;129;Travessão;"C.E. MONTEIRO LOBATO";286;12;8,00%;1
SECAO;Campos dos Goytacazes;098;Parque São Caetano;"C.E. CECÍLIA MEIRELES";223;12;8,00%;1
SECAO;Campos dos Goytacazes;129;Parque São Caetano;"COLÉGIO MUNICIPAL RUI BARBOSA";301;12;8,00%;1
SECAO;Campos dos Goytacazes;098;Morro do Coco;"C.E. RUI BARBOSA";246;12;8,00%;1
SECAO;Campos dos Goytacazes;075;Goytacazes;"EMEI NOSSA SENHORA DAS DORES";333;12;8,00%;1
SECAO;Campos dos Goytacazes;075;Santo Eduardo;"E.E. NOSSA SENHORA DAS DORES";346;12;8,00%;1
SECAO;Campos dos Goytacazes;075;Dores de Macabu;"E.E. ANTÔNIO PEREIRA";406;12;8,00%;1
SECAO;Campos dos Goytacazes;075;Dores de Macabu;"C.M. MARIA DAS GRAÇAS";410;12;8,00%;1
SECAO;Campos dos Goytacazes;129;Parque Tamandaré;"E.E. MONTEIRO LOBATO";389;12;8,00%;1
SECAO;Campos dos Goytacazes;129;Parque Jockey Club;"EMEI JOSÉ DA SILVA";412;12;8,00%;1
SECAO;Campos dos Goytacazes;098;Parque Jockey Club;"EMEI MARIA DAS GRAÇAS";333;12;5,77%;1
SECAO;Campos dos Goytacazes;129;Parque Jockey Club;"E.E. PADRE ANCHIETA";437;12;5,17%;2
SECAO;Campos dos Goytacazes;129;Parque Jockey Club;"CIEP 460 – PARQUE JOCKEY CLUB";441;12;6,45%;1
SECAO;Campos dos Goytacazes;075;Parque Santo Amaro;"EMEI PADRE ANCHIETA";452;12;8,00%;1
SECAO;Campos dos Goytacazes;129;Parque Santo Amaro;"E.M. DONA ROSA";458;12;8,00%;1
SECAO;Campos dos Goytacazes;098;Parque Santo Amaro;"ESCOLA ESTADUAL MONTEIRO LOBATO";375;12;8,00%;1
SECAO;Campos dos Goytacazes;129;Lapa;"CIEP 712 – LAPA";474;12;8,00%;1
SECAO;Campos dos Goytacazes;098;Lapa;"CIEP 733 – LAPA";384;12;8,00%;1
SECAO;Campos dos Goytacazes;076;Lapa;"CIEP 796 – LAPA";464;12;6,70%;1
SECAO;Campos dos Goytacazes;098;Parque Rosário;"CIEP 985 – PARQUE ROSÁRIO";407;12;6,03%;1
SECAO;Campos dos Goytacazes;075;Vila da Rainha;"CIEP 1279 – VILA DA RAINHA";516;12;8,00%;1
SECAO;Campos dos Goytacazes;075;Murundu;"CIEP 1699 – MURUNDU";535;12;8,00%;1
SECAO;Campos dos Goytacazes;076;Mussurepe;"CIEP 2119 – MUSSUREPE";550;12;8,00%;1
SECAO;Campos dos Goytacazes;129;Mussurepe;"CIEP 2245 – MUSSUREPE";545;12;8,00%;1
SECAO;Campos dos Goytacazes;129;Parque Prazeres;"CIEP 2539 – PARQUE PRAZERES";548;12;8,00%;1
SECAO;Campos dos Goytacazes;129;São Sebastião;"CIEP 2770 – SÃO SEBASTIÃO";570;12;8,00%;1
SECAO;Campos dos Goytacazes;129;Jardim Carioca;"E.M. MARIA DAS GRAÇAS";241;11;6,36%;1
SECAO;Campos dos Goytacazes;129;Jardim Carioca;"C.E. MARIA DAS GRAÇAS";249;11;7,33%;1
SECAO;Campos dos Goytacazes;075;Ururaí;"C.M. DR. CARLOS NUNES";272;11;5,50%;1
SECAO;Campos dos Goytacazes;075;Ururaí;"COLÉGIO MUNICIPAL DONA ROSA";291;11;7,33%;1
SECAO;Campos dos Goytacazes;098;Parque São Caetano;"C.E. CECÍLIA MEIRELES";225;11;7,33%;1
SECAO;Campos dos Goytacazes;098;Parque São Caetano;"C.M. TIRADENTES";229;11;7,33%;1
SECAO;Campos dos Goytacazes;075;Santo Eduardo;"CIEP 187 – SANTO EDUARDO";353;11;7,33%;1
SECAO;Campos dos Goytacazes;075;Santo Eduardo;"ESCOLA ESTADUAL PROFª ALICE SOUZA";357;11;7,33%;1
SECAO;Campos dos Goytacazes;076;Tocos;"C.M. PROFª ALICE SOUZA";304;11;7,33%;1
SECAO;Campos dos Goytacazes;129;Tocos;"COLÉGIO MUNICIPAL PROF. RAUL CAMPOS";342;11;6,55%;1
SECAO;Campos dos Goytacazes;075;Parque Tamandaré;"C.E. VEREADOR PAULO MELO";422;11;7,33%;1
SECAO;Campos dos Goytacazes;098;Parque Tamandaré;"E.M. MACHADO DE ASSIS";326;11;7,33%;1
SECAO;Campos dos Goytacazes;075;Parque Tamandaré;"ESCOLA ESTADUAL SANTA TEREZINHA";426;11;7,33%;1
SECAO;Campos dos Goytacazes;129;Parque Jockey Club;"C.M. ANTÔNIO PEREIRA";420;11;7,33%;1
SECAO;Campos dos Goytacazes;129;Parque Jockey Club;"CIEP 397 – PARQUE JOCKEY CLUB";433;11;6,18%;1
SECAO;Campos dos Goytacazes;129;Parque Santo Amaro;"CIEP 502 – PARQUE SANTO AMARO";455;11;7,33%;1
SECAO;Campos dos Goytacazes;098;Lapa;"CIEP 817 – LAPA";387;11;7,33%;1
SECAO;Campos dos Goytacazes;076;Lapa;"CIEP 838 – LAPA";469;11;7,33%;1
SECAO;Campos dos Goytacazes;098;Parque Rosário;"CIEP 1174 – PARQUE ROSÁRIO";422;11;7,33%;1
SECAO;Campos dos Goytacazes;098;Vila da Rainha;"CIEP 1468 – VILA DA RAINHA";445;11;7,33%;1
SECAO;Campos dos Goytacazes;098;Murundu;"CIEP 1615 – MURUNDU";464;11;4,85%;2
SECAO;Campos dos Goytacazes;129;Murundu;"CIEP 1762 – MURUNDU";511;11;7,33%;1
SECAO;Campos dos Goytacazes;098;Murundu;"CIEP 1783 – MURUNDU";472;11;4,87%;2
SECAO;Campos dos Goytacazes;075;Mussurepe;"CIEP 2266 – MUSSUREPE";577;11;7,33%;1
SECAO;Campos dos Goytacazes;076;Parque Prazeres;"CIEP 2392 – PARQUE PRAZERES";586;11;6,29%;1
SECAO;Campos dos Goytacazes;075;São Sebastião;"CIEP 2812 – SÃO SEBASTIÃO";603;11;6,67%;1
SECAO;Campos dos Goytacazes;129;Jardim Carioca;"ESCOLA ESTADUAL DR. CARLOS NUNES";252;10;6,67%;1
SECAO;Campos dos Goytacazes;098;Parque Califórnia;"E.M. DR. CARLOS NUNES";188;10;6,67%;1
SECAO;Campos dos Goytacazes;098;Parque Califórnia;"E.M. DR. CARLOS NUNES";191;10;6,67%;1
SECAO;Campos dos Goytacazes;075;Ururaí;"ESCOLA ESTADUAL DONA ROSA";296;10;6,67%;1
SECAO;Campos dos Goytacazes;075;Parque Eldorado;"C.M. CECÍLIA MEIRELES";317;10;6,67%;1
SECAO;Campos dos Goytacazes;075;Parque Eldorado;"C.M. CECÍLIA MEIRELES";320;10;6,67%;1
SECAO;Campos dos Goytacazes;098;Morro do Coco;"EMEI MONTEIRO LOBATO";249;10;6,67%;1
SECAO;Campos dos Goytacazes;129;Santo Eduardo;"EMEI MACHADO DE ASSIS";313;10;6,67%;1
SECAO;Campos dos Goytacazes;076;Tocos;"C.M. PROFª ALICE SOUZA";306;10;6,67%;1
SECAO;Campos dos Goytacazes;098;Tocos;"C.E. MACHADO DE ASSIS";279;10;6,67%;1
SECAO;Campos dos Goytacazes;129;Dores de Macabu;"E.M. PROFª LÚCIA MOTA";360;10;6,67%;1
SECAO;Campos dos Goytacazes;129;Parque Tamandaré;"E.E. MONTEIRO LOBATO";392;10;6,67%;1
SECAO;Campos dos Goytacazes;076;Parque Tamandaré;"C.M. MONTEIRO LOBATO";358;10;6,67%;1
SECAO;Campos dos Goytacazes;076;Parque Tamandaré;"C.M. MONTEIRO LOBATO";362;10;6,67%;1
SECAO;Campos dos Goytacazes;076;Parque Tamandaré;"CIEP 355 – PARQUE TAMANDARÉ";380;10;6,67%;1
SECAO;Campos dos Goytacazes;098;Parque Jockey Club;"CIEP 418 – PARQUE JOCKEY CLUB";335;10;6,67%;1
SECAO;Campos dos Goytacazes;098;Parque Jockey Club;"CIEP 418 – PARQUE JOCKEY CLUB";339;10;6,67%;1
SECAO;Campos dos Goytacazes;076;Parque Santo Amaro;"CIEP 523 – PARQUE SANTO AMARO";427;10;6,67%;1
SECAO;Campos dos Goytacazes;076;Parque Santo Amaro;"EMEI PROF. JOÃO ROCHA";441;10;6,67%;1
SECAO;Campos dos Goytacazes;075;Lapa;"EMEI PROF. RAUL CAMPOS";474;10;6,67%;1
SECAO;Campos dos Goytacazes;098;Parque Rosário;"CIEP 1069 – PARQUE ROSÁRIO";418;10;6,67%;1
SECAO;Campos dos Goytacazes;098;Parque Rosário;"CIEP 1174 – PARQUE ROSÁRIO";425;10;6,67%;1
SECAO;Campos dos Goytacazes;076;Vila da Rainha;"CIEP 1321 – VILA DA RAINHA";500;10;6,67%;1
SECAO;Campos dos Goytacazes;076;Vila da Rainha;"CIEP 1426 – VILA DA RAINHA";502;10;6,67%;1
SECAO;Campos dos Goytacazes;076;Murundu;"CIEP 1720 – MURUNDU";523;10;6,67%;1
SECAO;Campos dos Goytacazes;075;Mussurepe;"CIEP 2161 – MUSSUREPE";567;10;6,67%;1
SECAO;Campos dos Goytacazes;076;Mussurepe;"CIEP 2224 – MUSSUREPE";553;10;6,67%;1
SECAO;Campos dos Goytacazes;075;Parque Prazeres;"CIEP 2560 – PARQUE PRAZERES";581;10;6,67%;1
SECAO;Campos dos Goytacazes;076;São Sebastião;"CIEP 2686 – SÃO SEBASTIÃO";598;10;6,67%;1
SECAO;Campos dos Goytacazes;129;São Sebastião;"CIEP 2707 – SÃO SEBASTIÃO";560;10;6,67%;1
SECAO;Campos dos Goytacazes;098;Centro;"COLÉGIO MUNICIPAL MARIA DAS GRAÇAS";178;9;6,00%;1
SECAO;Campos dos Goytacazes;129;Jardim Carioca;"C.M. JOSÉ DA SILVA";237;9;6,00%;1
SECAO;Campos dos Goytacazes;129;Jardim Carioca;"E.M. MARIA DAS GRAÇAS";243;9;6,00%;1
SECAO;Campos dos Goytacazes;098;Ururaí;"ESCOLA ESTADUAL PROF. JOÃO ROCHA";201;9;5,20%;2
SECAO;Campos dos Goytacazes;076;Ururaí;"C.E. DONA ROSA";267;9;6,00%;1
SECAO;Campos dos Goytacazes;098;Travessão;"EMEI TIRADENTES";211;9;6,00%;1
SECAO;Campos dos Goytacazes;129;Morro do Coco;"E.E. RUI BARBOSA";302;9;6,00%;1
SECAO;Campos dos Goytacazes;076;Goytacazes;"COLÉGIO MUNICIPAL PROFª ALICE SOUZA";284;9;6,00%;1
SECAO;Campos dos Goytacazes;098;Goytacazes;"ESCOLA ESTADUAL NOSSA SENHORA DAS DORES";261;9;6,00%;1
SECAO;Campos dos Goytacazes;129;Tocos;"ESCOLA ESTADUAL MACHADO DE ASSIS";320;9;6,00%;1
SECAO;Campos dos Goytacazes;076;Tocos;"C.M. MACHADO DE ASSIS";316;9;6,00%;1
SECAO;Campos dos Goytacazes;129;Tocos;"E.M. PROF. RAUL CAMPOS";340;9;6,00%;1
SECAO;Campos dos Goytacazes;098;Dores de Macabu;"ESCOLA ESTADUAL JOSÉ DA SILVA";302;9;6,00%;1
SECAO;Campos dos Goytacazes;129;Dores de Macabu;"CIEP 250 – DORES DE MACABU";353;9;6,00%;1
SECAO;Campos dos Goytacazes;075;Dores de Macabu;"C.M. MARIA DAS GRAÇAS";414;9;6,00%;1
SECAO;Campos dos Goytacazes;129;Dores de Macabu;"E.M. PROFª LÚCIA MOTA";363;9;6,00%;1
SECAO;Campos dos Goytacazes;098;Dores de Macabu;"C.E. SÃO FRANCISCO";308;9;6,00%;1
SECAO;Campos dos Goytacazes;076;Dores de Macabu;"E.E. SÃO FRANCISCO";340;9;6,00%;1
SECAO;Campos dos Goytacazes;129;Parque Tamandaré;"C.M. SÃO FRANCISCO";373;9;6,00%;1
SECAO;Campos dos Goytacazes;076;Parque Tamandaré;"C.E. PROFª ALICE SOUZA";370;9;6,00%;1
SECAO;Campos dos Goytacazes;076;Parque Tamandaré;"CIEP 334 – PARQUE TAMANDARÉ";375;9;6,00%;1
SECAO;Campos dos Goytacazes;075;Parque Tamandaré;"COLÉGIO MUNICIPAL DR. HÉLIO FARIA";430;9;6,00%;1
SECAO;Campos dos Goytacazes;076;Parque Jockey Club;"ESCOLA ESTADUAL DR. HÉLIO FARIA";390;9;6,00%;1
SECAO;Campos dos Goytacazes;129;Parque Jockey Club;"EMEI RUI BARBOSA";446;9;6,00%;1
SECAO;Campos dos Goytacazes;075;Parque Santo Amaro;"C.M. SANTA TEREZINHA";446;9;6,00%;1
SECAO;Campos dos Goytacazes;098;Parque Santo Amaro;"CIEP 565 – PARQUE SANTO AMARO";372;9;6,00%;1
SECAO;Campos dos Goytacazes;129;Parque Santo Amaro;"CIEP 586 – PARQUE SANTO AMARO";465;9;6,00%;1
SECAO;Campos dos Goytacazes;129;Lapa;"CIEP 880 – LAPA";484;9;6,00%;1
SECAO;Campos dos Goytacazes;075;Parque Rosário;"CIEP 943 – PARQUE ROSÁRIO";484;9;6,00%;1
SECAO;Campos dos Goytacazes;098;Parque Rosário;"CIEP 964 – PARQUE ROSÁRIO";399;9;6,00%;1
SECAO;Campos dos Goytacazes;098;Vila da Rainha;"CIEP 1258 – VILA DA RAINHA";436;9;6,00%;1
SECAO;Campos dos Goytacazes;076;Vila da Rainha;"CIEP 1447 – VILA DA RAINHA";505;9;6,00%;1
SECAO;Campos dos Goytacazes;075;Murundu;"CIEP 1741 – MURUNDU";539;9;6,00%;1
SECAO;Campos dos Goytacazes;076;Ibitioca;"CIEP 2077 – IBITIOCA";543;9;6,00%;1
SECAO;Campos dos Goytacazes;098;Ibitioca;"CIEP 2098 – IBITIOCA";491;9;6,00%;1
SECAO;Campos dos Goytacazes;076;Mussurepe;"CIEP 2287 – MUSSUREPE";555;9;6,00%;1
SECAO;Campos dos Goytacazes;076;Mussurepe;"CIEP 2308 – MUSSUREPE";561;9;6,00%;1
SECAO;Campos dos Goytacazes;098;Parque Prazeres;"CIEP 2518 – PARQUE PRAZERES";527;9;6,00%;1
SECAO;Campos dos Goytacazes;075;Parque Prazeres;"CIEP 2623 – PARQUE PRAZERES";584;9;4,81%;2
SECAO;Campos dos Goytacazes;129;Centro;"ESCOLA ESTADUAL PROFª LÚCIA MOTA";224;8;5,33%;1
SECAO;Campos dos Goytacazes;076;Jardim Carioca;"COLÉGIO MUNICIPAL DR. CARLOS NUNES";237;8;5,33%;1
SECAO;Campos dos Goytacazes;129;Jardim Carioca;"C.M. PROFª LÚCIA MOTA";257;8;5,33%;1
SECAO;Campos dos Goytacazes;098;Jardim Carioca;"E.M. SÃO FRANCISCO";180;8;5,33%;1
SECAO;Campos dos Goytacazes;075;Ururaí;"COLÉGIO MUNICIPAL PROFª LÚCIA MOTA";265;8;5,33%;1
SECAO;Campos dos Goytacazes;075;Ururaí;"C.E. PROF. JOÃO ROCHA";282;8;5,33%;1
SECAO;Campos dos Goytacazes;076;Ururaí;"E.M. TIRADENTES";268;8;5,33%;1
SECAO;Campos dos Goytacazes;129;Parque Aurora;"E.E. TIRADENTES";273;8;5,33%;1
SECAO;Campos dos Goytacazes;075;Travessão;"COLÉGIO MUNICIPAL TIRADENTES";301;8;5,33%;1
SECAO;Campos dos Goytacazes;075;Travessão;"COLÉGIO MUNICIPAL TIRADENTES";304;8;5,33%;1
SECAO;Campos dos Goytacazes;129;Morro do Coco;"E.E. RUI BARBOSA";306;8;5,33%;1
SECAO;Campos dos Goytacazes;098;Goytacazes;"C.M. RUI BARBOSA";259;8;5,33%;1
SECAO;Campos dos Goytacazes;129;Santo Eduardo;"EMEI MACHADO DE ASSIS";314;8;5,33%;1
SECAO;Campos dos Goytacazes;098;Santo Eduardo;"COLÉGIO MUNICIPAL MACHADO DE ASSIS";269;8;5,33%;1
SECAO;Campos dos Goytacazes;076;Tocos;"E.E. VEREADOR PAULO MELO";309;8;5,33%;1
SECAO;Campos dos Goytacazes;075;Tocos;"E.E. PROF. RAUL CAMPOS";373;8;5,33%;1
SECAO;Campos dos Goytacazes;075;Tocos;"ESCOLA ESTADUAL PROF. RAUL CAMPOS";377;8;5,33%;1
SECAO;Campos dos Goytacazes;098;Dores de Macabu;"C.E. SÃO FRANCISCO";311;8;5,33%;1
SECAO;Campos dos Goytacazes;129;Parque Tamandaré;"E.E. DONA ROSA";383;8;5,33%;1
SECAO;Campos dos Goytacazes;076;Parque Tamandaré;"COLÉGIO MUNICIPAL PROF. JOÃO ROCHA";353;8;5,33%;1
SECAO;Campos dos Goytacazes;076;Parque Tamandaré;"C.E. PROFª ALICE SOUZA";374;8;5,33%;1
SECAO;Campos dos Goytacazes;098;Parque Tamandaré;"CIEP 313 – PARQUE TAMANDARÉ";321;8;5,33%;1
SECAO;Campos dos Goytacazes;098;Parque Tamandaré;"CIEP 313 – PARQUE TAMANDARÉ";323;8;5,33%;1
SECAO;Campos dos Goytacazes;129;Parque Tamandaré;"E.E. SANTA TEREZINHA";395;8;4,94%;2
SECAO;Campos dos Goytacazes;076;Parque Jockey Club;"COLÉGIO MUNICIPAL VEREADOR PAULO MELO";415;8;5,33%;1
SECAO;Campos dos Goytacazes;129;Parque Santo Amaro;"EMEI PROFª ALICE SOUZA";470;8;5,33%;1
SECAO;Campos dos Goytacazes;076;Lapa;"CIEP 649 – LAPA";452;8;5,33%;1
SECAO;Campos dos Goytacazes;098;Parque Rosário;"CIEP 985 – PARQUE ROSÁRIO";408;8;5,33%;1
SECAO;Campos dos Goytacazes;076;Parque Rosário;"CIEP 1132 – PARQUE ROSÁRIO";490;8;5,33%;1
SECAO;Campos dos Goytacazes;075;Parque Rosário;"CIEP 1153 – PARQUE ROSÁRIO";498;8;5,33%;1
SECAO;Campos dos Goytacazes;098;Vila da Rainha;"CIEP 1468 – VILA DA RAINHA";447;8;5,33%;1
SECAO;Campos dos Goytacazes;075;Murundu;"CIEP 1699 – MURUNDU";537;8;5,33%;1
SECAO;Campos dos Goytacazes;076;Murundu;"CIEP 1720 – MURUNDU";527;8;5,33%;1
SECAO;Campos dos Goytacazes;129;Ibitioca;"CIEP 1909 – IBITIOCA";520;8;4,88%;2
SECAO;Campos dos Goytacazes;075;Ibitioca;"CIEP 1930 – IBITIOCA";559;8;5,33%;1
SECAO;Campos dos Goytacazes;075;Ibitioca;"CIEP 2014 – IBITIOCA";561;8;5,33%;1
SECAO;Campos dos Goytacazes;076;Ibitioca;"CIEP 2056 – IBITIOCA";542;8;5,33%;1
SECAO;Campos dos Goytacazes;076;Mussurepe;"CIEP 2350 – MUSSUREPE";570;8;5,33%;1
SECAO;Campos dos Goytacazes;129;Parque Prazeres;"CIEP 2602 – PARQUE PRAZERES";551;8;5,33%;1
SECAO;Campos dos Goytacazes;098;São Sebastião;"CIEP 2833 – SÃO SEBASTIÃO";531;8;5,33%;1
SECAO;Campos dos Goytacazes;075;São Sebastião;"CIEP 2854 – SÃO SEBASTIÃO";607;8;5,33%;1
SECAO;Campos dos Goytacazes;075;São Sebastião;"CIEP 2875 – SÃO SEBASTIÃO";614;8;5,33%;1
SECAO;Campos dos Goytacazes;075;Ururaí;"C.M. PROF. JOÃO ROCHA";287;7;4,67%;2
SECAO;Campos dos Goytacazes;075;Ururaí;"COLÉGIO MUNICIPAL DONA ROSA";292;7;4,67%;2
SECAO;Campos dos Goytacazes;129;Ururaí;"C.M. DONA ROSA";266;7;4,67%;2
SECAO;Campos dos Goytacazes;076;Ururaí;"C.E. TIRADENTES";272;7;4,67%;2
SECAO;Campos dos Goytacazes;129;Travessão;"COLÉGIO MUNICIPAL MONTEIRO LOBATO";289;7;4,67%;2
SECAO;Campos dos Goytacazes;076;Goytacazes;"C.M. NOSSA SENHORA DAS DORES";288;7;4,67%;2
SECAO;Campos dos Goytacazes;075;Santo Eduardo;"C.M. VEREADOR PAULO MELO";363;7;4,67%;2
SECAO;Campos dos Goytacazes;098;Santo Eduardo;"E.M. VEREADOR PAULO MELO";266;7;4,67%;2
SECAO;Campos dos Goytacazes;075;Dores de Macabu;"E.E. DR. HÉLIO FARIA";389;7;4,67%;2
SECAO;Campos dos Goytacazes;076;Dores de Macabu;"E.E. SÃO FRANCISCO";343;7;4,67%;2
SECAO;Campos dos Goytacazes;129;Parque Tamandaré;"E.E. SANTA TEREZINHA";398;7;4,67%;2
SECAO;Campos dos Goytacazes;076;Parque Jockey Club;"C.E. PROF. RAUL CAMPOS";397;7;4,67%;2
SECAO;Campos dos Goytacazes;076;Parque Jockey Club;"CIEP 376 – PARQUE JOCKEY CLUB";403;7;4,67%;2
SECAO;Campos dos Goytacazes;129;Parque Jockey Club;"COLÉGIO MUNICIPAL ANTÔNIO PEREIRA";425;7;4,67%;2
SECAO;Campos dos Goytacazes;129;Parque Jockey Club;"EMEI RUI BARBOSA";450;7;4,67%;2
SECAO;Campos dos Goytacazes;098;Parque Santo Amaro;"CIEP 481 – PARQUE SANTO AMARO";356;7;4,67%;2
SECAO;Campos dos Goytacazes;129;Lapa;"CIEP 775 – LAPA";481;7;4,67%;2
SECAO;Campos dos Goytacazes;076;Lapa;"CIEP 796 – LAPA";466;7;4,67%;2
SECAO;Campos dos Goytacazes;098;Lapa;"CIEP 817 – LAPA";388;7;4,67%;2
SECAO;Campos dos Goytacazes;098;Lapa;"CIEP 859 – LAPA";391;7;4,67%;2
SECAO;Campos dos Goytacazes;129;Lapa;"CIEP 901 – LAPA";490;7;4,67%;2
SECAO;Campos dos Goytacazes;098;Parque Rosário;"CIEP 964 – PARQUE ROSÁRIO";402;7;4,67%;2
SECAO;Campos dos Goytacazes;098;Parque Rosário;"CIEP 1195 – PARQUE ROSÁRIO";429;7;4,67%;2
SECAO;Campos dos Goytacazes;098;Vila da Rainha;"CIEP 1363 – VILA DA RAINHA";441;7;4,67%;2
SECAO;Campos dos Goytacazes;075;Murundu;"CIEP 1657 – MURUNDU";534;7;4,67%;2
SECAO;Campos dos Goytacazes;075;Murundu;"CIEP 1804 – MURUNDU";546;7;4,67%;2
SECAO;Campos dos Goytacazes;075;Murundu;"CIEP 1804 – MURUNDU";547;7;4,67%;2
SECAO;Campos dos Goytacazes;129;Ibitioca;"CIEP 2035 – IBITIOCA";538;7;4,67%;2
SECAO;Campos dos Goytacazes;076;Mussurepe;"CIEP 2329 – MUSSUREPE";566;7;4,67%;2
SECAO;Campos dos Goytacazes;129;São Sebastião;"CIEP 2791 – SÃO SEBASTIÃO";576;7;4,67%;2
SECAO;Campos dos Goytacazes;075;São Sebastião;"CIEP 2812 – SÃO SEBASTIÃO";605;7;4,67%;2
SECAO;Campos dos Goytacazes;129;São Sebastião;"CIEP 2896 – SÃO SEBASTIÃO";578;7;4,67%;2
SECAO;Campos dos Goytacazes;129;Goitacazes;"E.M. ANTÔNIO PEREIRA";207;6;4,00%;2
SECAO;Campos dos Goytacazes;098;Centro;"COLÉGIO MUNICIPAL MARIA DAS GRAÇAS";179;6;4,00%;2
SECAO;Campos dos Goytacazes;129;Centro;"ESCOLA ESTADUAL PROFª LÚCIA MOTA";227;6;4,00%;2
SECAO;Campos dos Goytacazes;075;Jardim Carioca;"EMEI PROFª LÚCIA MOTA";247;6;4,00%;2
SECAO;Campos dos Goytacazes;076;Jardim Carioca;"COLÉGIO MUNICIPAL DR. CARLOS NUNES";238;6;4,00%;2
SECAO;Campos dos Goytacazes;098;Parque Califórnia;"COLÉGIO MUNICIPAL SÃO FRANCISCO";187;6;4,00%;2
SECAO;Campos dos Goytacazes;098;Pelinca;"E.M. CECÍLIA MEIRELES";219;6;4,00%;2
SECAO;Campos dos Goytacazes;098;Tocos;"CIEP 208 – TOCOS";287;6;4,00%;2
SECAO;Campos dos Goytacazes;075;Tocos;"C.E. DR. HÉLIO FARIA";381;6;4,00%;2
SECAO;Campos dos Goytacazes;076;Tocos;"EMEI SANTA TEREZINHA";319;6;4,00%;2
SECAO;Campos dos Goytacazes;129;Tocos;"COLÉGIO MUNICIPAL SANTA TEREZINHA";348;6;4,00%;2
SECAO;Campos dos Goytacazes;098;Dores de Macabu;"EMEI ANTÔNIO PEREIRA";307;6;4,00%;2
SECAO;Campos dos Goytacazes;129;Dores de Macabu;"ESCOLA ESTADUAL ANTÔNIO PEREIRA";359;6;4,00%;2
SECAO;Campos dos Goytacazes;076;Dores de Macabu;"COLÉGIO MUNICIPAL PADRE ANCHIETA";344;6;4,00%;2
SECAO;Campos dos Goytacazes;076;Dores de Macabu;"COLÉGIO MUNICIPAL PADRE ANCHIETA";345;6;4,00%;2
SECAO;Campos dos Goytacazes;075;Dores de Macabu;"ESCOLA ESTADUAL PADRE ANCHIETA";418;6;4,00%;2
SECAO;Campos dos Goytacazes;098;Parque Tamandaré;"EMEI DONA ROSA";320;6;4,00%;2
SECAO;Campos dos Goytacazes;076;Parque Tamandaré;"CIEP 334 – PARQUE TAMANDARÉ";378;6;4,00%;2
SECAO;Campos dos Goytacazes;076;Parque Jockey Club;"COLÉGIO MUNICIPAL VEREADOR PAULO MELO";417;6;4,00%;2
SECAO;Campos dos Goytacazes;098;Parque Jockey Club;"E.M. NOSSA SENHORA DAS DORES";342;6;4,00%;2
SECAO;Campos dos Goytacazes;076;Parque Jockey Club;"E.E. MACHADO DE ASSIS";420;6;4,00%;2
SECAO;Campos dos Goytacazes;129;Parque Santo Amaro;"E.M. DONA ROSA";462;6;4,00%;2
SECAO;Campos dos Goytacazes;075;Parque Santo Amaro;"ESCOLA ESTADUAL RUI BARBOSA";455;6;4,00%;2
SECAO;Campos dos Goytacazes;075;Parque Santo Amaro;"ESCOLA ESTADUAL RUI BARBOSA";457;6;4,00%;2
SECAO;Campos dos Goytacazes;075;Parque Santo Amaro;"CIEP 607 – PARQUE SANTO AMARO";461;6;4,00%;2
SECAO;Campos dos Goytacazes;076;Lapa;"CIEP 628 – LAPA";449;6;4,00%;2
SECAO;Campos dos Goytacazes;098;Parque Rosário;"CIEP 1048 – PARQUE ROSÁRIO";413;6;4,00%;2
SECAO;Campos dos Goytacazes;076;Parque Rosário;"CIEP 1111 – PARQUE ROSÁRIO";487;6;4,00%;2
SECAO;Campos dos Goytacazes;129;Vila da Rainha;"CIEP 1489 – VILA DA RAINHA";502;6;4,00%;2
SECAO;Campos dos Goytacazes;098;Murundu;"CIEP 1678 – MURUNDU";471;6;4,00%;2
SECAO;Campos dos Goytacazes;075;Murundu;"CIEP 1741 – MURUNDU";543;6;4,00%;2
SECAO;Campos dos Goytacazes;098;Murundu;"CIEP 1825 – MURUNDU";478;6;4,00%;2
SECAO;Campos dos Goytacazes;076;Ibitioca;"CIEP 2077 – IBITIOCA";546;6;4,00%;2
SECAO;Campos dos Goytacazes;098;Ibitioca;"CIEP 2098 – IBITIOCA";493;6;4,00%;2
SECAO;Campos dos Goytacazes;075;Mussurepe;"CIEP 2182 – MUSSUREPE";576;6;4,00%;2
SECAO;Campos dos Goytacazes;076;Mussurepe;"CIEP 2371 – MUSSUREPE";573;6;4,00%;2
SECAO;Campos dos Goytacazes;129;Parque Prazeres;"CIEP 2602 – PARQUE PRAZERES";553;6;4,00%;2
SECAO;Campos dos Goytacazes;075;Parque Prazeres;"CIEP 2644 – PARQUE PRAZERES";589;6;4,00%;2
SECAO;Campos dos Goytacazes;098;São Sebastião;"CIEP 2917 – SÃO SEBASTIÃO";536;6;4,00%;2
SECAO;Campos dos Goytacazes;098;Ururaí;"EMEI SÃO FRANCISCO";206;5;3,33%;2
SECAO;Campos dos Goytacazes;075;Ururaí;"ESCOLA ESTADUAL DONA ROSA";297;5;3,33%;2
SECAO;Campos dos Goytacazes;129;Ururaí;"C.M. DONA ROSA";267;5;3,33%;2
SECAO;Campos dos Goytacazes;129;Travessão;"CIEP 145 – TRAVESSÃO";279;5;3,33%;2
SECAO;Campos dos Goytacazes;075;Travessão;"E.E. CECÍLIA MEIRELES";316;5;3,33%;2
SECAO;Campos dos Goytacazes;129;Travessão;"COLÉGIO MUNICIPAL MONTEIRO LOBATO";291;5;3,33%;2
SECAO;Campos dos Goytacazes;098;Travessão;"ESCOLA ESTADUAL CECÍLIA MEIRELES";213;5;3,33%;2
SECAO;Campos dos Goytacazes;098;Parque São Caetano;"C.M. TIRADENTES";232;5;3,33%;2
SECAO;Campos dos Goytacazes;129;Santo Eduardo;"E.E. PROFª ALICE SOUZA";310;5;3,33%;2
SECAO;Campos dos Goytacazes;129;Tocos;"E.M. SANTA TEREZINHA";325;5;3,33%;2
SECAO;Campos dos Goytacazes;075;Tocos;"ESCOLA ESTADUAL PROF. RAUL CAMPOS";379;5;3,33%;2
SECAO;Campos dos Goytacazes;075;Dores de Macabu;"ESCOLA ESTADUAL PADRE ANCHIETA";419;5;3,33%;2
SECAO;Campos dos Goytacazes;075;Parque Tamandaré;"C.E. VEREADOR PAULO MELO";425;5;3,33%;2
SECAO;Campos dos Goytacazes;076;Parque Tamandaré;"CIEP 355 – PARQUE TAMANDARÉ";382;5;3,33%;2
SECAO;Campos dos Goytacazes;075;Parque Tamandaré;"COLÉGIO MUNICIPAL DR. HÉLIO FARIA";432;5;3,33%;2
SECAO;Campos dos Goytacazes;129;Parque Jockey Club;"CIEP 460 – PARQUE JOCKEY CLUB";444;5;3,33%;2
SECAO;Campos dos Goytacazes;129;Parque Santo Amaro;"CIEP 586 – PARQUE SANTO AMARO";468;5;3,33%;2
SECAO;Campos dos Goytacazes;076;Lapa;"CIEP 838 – LAPA";470;5;3,33%;2
SECAO;Campos dos Goytacazes;098;Lapa;"CIEP 859 – LAPA";392;5;3,33%;2
SECAO;Campos dos Goytacazes;075;Lapa;"CIEP 922 – LAPA";475;5;3,33%;2
SECAO;Campos dos Goytacazes;076;Parque Rosário;"CIEP 1216 – PARQUE ROSÁRIO";492;5;3,33%;2
SECAO;Campos dos Goytacazes;076;Parque Rosário;"CIEP 1216 – PARQUE ROSÁRIO";495;5;3,33%;2
SECAO;Campos dos Goytacazes;075;Parque Rosário;"CIEP 1237 – PARQUE ROSÁRIO";502;5;3,33%;2
SECAO;Campos dos Goytacazes;075;Parque Rosário;"CIEP 1237 – PARQUE ROSÁRIO";505;5;3,33%;2
SECAO;Campos dos Goytacazes;075;Vila da Rainha;"CIEP 1384 – VILA DA RAINHA";522;5;3,33%;2
SECAO;Campos dos Goytacazes;075;Vila da Rainha;"CIEP 1405 – VILA DA RAINHA";528;5;3,33%;2
SECAO;Campos dos Goytacazes;129;Vila da Rainha;"CIEP 1510 – VILA DA RAINHA";506;5;3,33%;2
SECAO;Campos dos Goytacazes;098;Vila da Rainha;"CIEP 1531 – VILA DA RAINHA";448;5;3,33%;2
SECAO;Campos dos Goytacazes;098;Murundu;"CIEP 1825 – MURUNDU";482;5;3,33%;2
SECAO;Campos dos Goytacazes;129;Ibitioca;"CIEP 1993 – IBITIOCA";533;5;3,33%;2
SECAO;Campos dos Goytacazes;076;Mussurepe;"CIEP 2287 – MUSSUREPE";559;5;3,33%;2
SECAO;Campos dos Goytacazes;076;Mussurepe;"CIEP 2329 – MUSSUREPE";568;5;3,33%;2
SECAO;Campos dos Goytacazes;098;São Sebastião;"CIEP 2833 – SÃO SEBASTIÃO";533;5;3,33%;2
SECAO;Campos dos Goytacazes;075;São Sebastião;"CIEP 2854 – SÃO SEBASTIÃO";611;5;3,33%;2
SECAO;Campos dos Goytacazes;098;São Sebastião;"CIEP 2917 – SÃO SEBASTIÃO";537;5;3,33%;2
SECAO;Campos dos Goytacazes;129;Jardim Carioca;"ESCOLA ESTADUAL DR. CARLOS NUNES";255;4;2,67%;2
SECAO;Campos dos Goytacazes;076;Ururaí;"E.M. TIRADENTES";270;4;2,67%;2
SECAO;Campos dos Goytacazes;076;Ururaí;"C.E. TIRADENTES";273;4;2,67%;2
SECAO;Campos dos Goytacazes;098;Travessão;"ESCOLA ESTADUAL CECÍLIA MEIRELES";217;4;2,67%;2
SECAO;Campos dos Goytacazes;098;Morro do Coco;"EMEI MONTEIRO LOBATO";253;4;2,67%;2
SECAO;Campos dos Goytacazes;075;Goytacazes;"EMEI NOSSA SENHORA DAS DORES";337;4;2,67%;2
SECAO;Campos dos Goytacazes;098;Goytacazes;"ESCOLA ESTADUAL NOSSA SENHORA DAS DORES";262;4;2,67%;2
SECAO;Campos dos Goytacazes;098;Santo Eduardo;"COLÉGIO MUNICIPAL MACHADO DE ASSIS";271;4;2,67%;2
SECAO;Campos dos Goytacazes;129;Tocos;"COLÉGIO MUNICIPAL PROF. RAUL CAMPOS";344;4;2,67%;2
SECAO;Campos dos Goytacazes;075;Tocos;"C.E. DR. HÉLIO FARIA";384;4;2,67%;2
SECAO;Campos dos Goytacazes;076;Tocos;"EMEI SANTA TEREZINHA";321;4;2,67%;2
SECAO;Campos dos Goytacazes;076;Tocos;"E.M. DR. HÉLIO FARIA";324;4;2,67%;2
SECAO;Campos dos Goytacazes;075;Tocos;"E.M. DR. HÉLIO FARIA";385;4;2,67%;2
SECAO;Campos dos Goytacazes;098;Dores de Macabu;"C.M. PADRE ANCHIETA";312;4;2,67%;2
SECAO;Campos dos Goytacazes;076;Parque Tamandaré;"EMEI CECÍLIA MEIRELES";366;4;2,67%;2
SECAO;Campos dos Goytacazes;098;Parque Tamandaré;"E.M. MACHADO DE ASSIS";330;4;2,67%;2
SECAO;Campos dos Goytacazes;075;Parque Tamandaré;"ESCOLA ESTADUAL SANTA TEREZINHA";428;4;2,67%;2
SECAO;Campos dos Goytacazes;075;Parque Jockey Club;"CIEP 439 – PARQUE JOCKEY CLUB";436;4;2,67%;2
SECAO;Campos dos Goytacazes;129;Parque Santo Amaro;"EMEI PROFª ALICE SOUZA";472;4;2,67%;2
SECAO;Campos dos Goytacazes;075;Parque Santo Amaro;"CIEP 607 – PARQUE SANTO AMARO";465;4;2,67%;2
SECAO;Campos dos Goytacazes;075;Lapa;"CIEP 922 – LAPA";476;4;2,67%;2
SECAO;Campos dos Goytacazes;129;Vila da Rainha;"CIEP 1489 – VILA DA RAINHA";505;4;2,67%;2
SECAO;Campos dos Goytacazes;129;Vila da Rainha;"CIEP 1510 – VILA DA RAINHA";508;4;2,67%;2
SECAO;Campos dos Goytacazes;098;Vila da Rainha;"CIEP 1531 – VILA DA RAINHA";450;4;2,67%;2
SECAO;Campos dos Goytacazes;129;Murundu;"CIEP 1762 – MURUNDU";513;4;2,67%;2
SECAO;Campos dos Goytacazes;129;Ibitioca;"CIEP 1951 – IBITIOCA";527;4;2,67%;2
SECAO;Campos dos Goytacazes;098;Ibitioca;"CIEP 1972 – IBITIOCA";488;4;2,67%;2
SECAO;Campos dos Goytacazes;075;Mussurepe;"CIEP 2266 – MUSSUREPE";578;4;2,67%;2
SECAO;Campos dos Goytacazes;076;Mussurepe;"CIEP 2308 – MUSSUREPE";562;4;2,67%;2
SECAO;Campos dos Goytacazes;076;Parque Prazeres;"CIEP 2581 – PARQUE PRAZERES";593;4;2,67%;2
SECAO;Campos dos Goytacazes;075;São Sebastião;"CIEP 2875 – SÃO SEBASTIÃO";615;4;2,67%;2
SECAO;Campos dos Goytacazes;129;São Sebastião;"CIEP 2896 – SÃO SEBASTIÃO";579;4;2,67%;2
SECAO;Campos dos Goytacazes;129;Jardim Carioca;"C.M. PROFª LÚCIA MOTA";260;3;2,00%;3
SECAO;Campos dos Goytacazes;098;Jardim Carioca;"E.M. SÃO FRANCISCO";181;3;2,00%;3
SECAO;Campos dos Goytacazes;076;Parque Leopoldina;"CIEP 124 – PARQUE LEOPOLDINA";258;3;2,00%;3
SECAO;Campos dos Goytacazes;076;Goytacazes;"C.M. NOSSA SENHORA DAS DORES";291;3;2,00%;3
SECAO;Campos dos Goytacazes;076;Parque Tamandaré;"COLÉGIO MUNICIPAL CECÍLIA MEIRELES";357;3;2,00%;3
SECAO;Campos dos Goytacazes;098;Parque Jockey Club;"E.M. NOSSA SENHORA DAS DORES";345;3;2,00%;3
SECAO;Campos dos Goytacazes;076;Parque Jockey Club;"E.E. MACHADO DE ASSIS";421;3;2,00%;3
SECAO;Campos dos Goytacazes;098;Parque Santo Amaro;"ESCOLA ESTADUAL MONTEIRO LOBATO";376;3;2,00%;3
SECAO;Campos dos Goytacazes;129;Lapa;"CIEP 901 – LAPA";494;3;2,00%;3
SECAO;Campos dos Goytacazes;098;Parque Rosário;"CIEP 1195 – PARQUE ROSÁRIO";431;3;2,00%;3
SECAO;Campos dos Goytacazes;098;Murundu;"CIEP 1783 – MURUNDU";474;3;2,00%;3
SECAO;Campos dos Goytacazes;076;Mussurepe;"CIEP 2350 – MUSSUREPE";572;3;2,00%;3
SECAO;Campos dos Goytacazes;076;Mussurepe;"CIEP 2371 – MUSSUREPE";576;3;2,00%;3
SECAO;Campos dos Goytacazes;075;Parque Prazeres;"CIEP 2644 – PARQUE PRAZERES";593;3;2,00%;3
SECAO;Campos dos Goytacazes;129;Goitacazes;"E.M. ANTÔNIO PEREIRA";211;2;1,33%;4
SECAO;Campos dos Goytacazes;076;Parque Guarus;"C.E. PROFª LÚCIA MOTA";234;2;1,33%;4
SECAO;Campos dos Goytacazes;098;Tocos;"COLÉGIO MUNICIPAL SANTA TEREZINHA";289;2;1,33%;4
SECAO;Campos dos Goytacazes;129;Lapa;"CIEP 880 – LAPA";488;2;1,33%;4
SECAO;Campos dos Goytacazes;075;Parque Prazeres;"CIEP 2623 – PARQUE PRAZERES";587;2;1,33%;4
SECAO;Campos dos Goytacazes;075;Parque Guarus;"C.E. PROFª LÚCIA MOTA";235;1;0,67%;6
SECAO;Campos dos Goytacazes;075;Dores de Macabu;"C.M. PADRE ANCHIETA";420;1;0,67%;6
SECAO;Campos dos Goytacazes;129;Dores de Macabu;"C.M. PADRE ANCHIETA";582;1;0,67%;6
SECAO;Campos dos Goytacazes;098;Dores de Macabu;"C.M. PADRE ANCHIETA";539;1;0,67%;6
MUNICIPIO;São João da Barra;;;;;2140;8,73%;2
ZONA;São João da Barra;160;;;;2140;8,73%;2
BAIRRO;São João da Barra;;CENTRO;;;436;10,69%;2
BAIRRO;São João da Barra;;ATAFONA;;;435;12,58%;2
BAIRRO;São João da Barra;;GRUSSAÍ;;;423;10,94%;2
BAIRRO;São João da Barra;;BARCELOS;;;418;5,98%;2
BAIRRO;São João da Barra;;JARDIM SÃO JOSÉ;;;25;3,57%;4
BAIRRO;São João da Barra;;PARQUE SÃO JOSÉ;;;22;3,32%;4
BAIRRO;São João da Barra;;ALTO SÃO JOSÉ;;;20;4,53%;3
BAIRRO;São João da Barra;;NOVA SÃO JOSÉ;;;20;6,42%;2
BAIRRO;São João da Barra;;VILA SANTA ROSA;;;19;5,51%;3
BAIRRO;São João da Barra;;JARDIM SANTA ROSA;;;18;7,20%;2
BAIRRO;São João da Barra;;PARQUE SANTA ROSA;;;16;6,40%;2
BAIRRO;São João da Barra;;ALTO SANTA ROSA;;;15;4,79%;3
BAIRRO;São João da Barra;;NOVA SANTA ROSA;;;14;5,60%;3
BAIRRO;São João da Barra;;VILA AMÉRICA;;;14;4,62%;3
BAIRRO;São João da Barra;;JARDIM AMÉRICA;;;14;5,60%;3
BAIRRO;São João da Barra;;PARQUE AMÉRICA;;;14;5,60%;3
BAIRRO;São João da Barra;;ALTO AMÉRICA;;;13;5,20%;3
BAIRRO;São João da Barra;;NOVA AMÉRICA;;;12;4,80%;3
BAIRRO;São João da Barra;;VILA BOA VISTA;;;12;4,80%;3
BAIRRO;São João da Barra;;JARDIM BOA VISTA;;;12;4,80%;3
BAIRRO;São João da Barra;;PARQUE BOA VISTA;;;10;4,00%;3
BAIRRO;São João da Barra;;ALTO BOA VISTA;;;9;3,60%;4
BAIRRO;São João da Barra;;NOVA BOA VISTA;;;9;2,77%;4
BAIRRO;São João da Barra;;VILA ESPERANÇA;;;9;3,60%;4
BAIRRO;São João da Barra;;JARDIM ESPERANÇA;;;9;3,60%;4
BAIRRO;São João da Barra;;PARQUE ESPERANÇA;;;8;3,20%;4
BAIRRO;São João da Barra;;ALTO ESPERANÇA;;;8;3,20%;4
BAIRRO;São João da Barra;;NOVA ESPERANÇA;;;8;3,20%;4
BAIRRO;São João da Barra;;VILA SANTO ANTÔNIO;;;8;3,20%;4
BAIRRO;São João da Barra;;JARDIM SANTO ANTÔNIO;;;8;3,20%;4
BAIRRO;São João da Barra;;PARQUE SANTO ANTÔNIO;;;8;3,20%;4
BAIRRO;São João da Barra;;ALTO SANTO ANTÔNIO;;;7;2,80%;4
BAIRRO;São João da Barra;;NOVA SANTO ANTÔNIO;;;7;2,80%;4
BAIRRO;São João da Barra;;VILA SÃO JORGE;;;6;2,40%;5
BAIRRO;São João da Barra;;JARDIM SÃO JORGE;;;6;2,40%;5
BAIRRO;São João da Barra;;PARQUE SÃO JORGE;;;6;2,40%;5
BAIRRO;São João da Barra;;ALTO SÃO JORGE;;;5;2,00%;6
BAIRRO;São João da Barra;;NOVA SÃO JORGE;;;5;2,00%;6
BAIRRO;São João da Barra;;VILA DAS FLORES;;;5;2,00%;6
BAIRRO;São João da Barra;;JARDIM DAS FLORES;;;5;2,00%;6
BAIRRO;São João da Barra;;PARQUE DAS FLORES;;;5;2,00%;6
BAIRRO;São João da Barra;;ALTO DAS FLORES;;;5;2,00%;6
BAIRRO;São João da Barra;;NOVA DAS FLORES;;;4;1,60%;7
BAIRRO;São João da Barra;;VILA BELA VISTA;;;4;1,60%;7
BAIRRO;São João da Barra;;JARDIM BELA VISTA;;;4;1,60%;7
LOCAL;São João da Barra;160;ATAFONA;"C.E. PRAIA DE ATAFONA";;405;11,78%;2
LOCAL;São João da Barra;160;CENTRO;"E.M. CENTRO HISTÓRICO";;311;12,39%;2
LOCAL;São João da Barra;160;GRUSSAÍ;"E.E. PROFª LÚCIA MOTA";;130;12,08%;2
LOCAL;São João da Barra;160;CENTRO;"E.M. ANTÔNIO PEREIRA";;125;11,62%;2
LOCAL;São João da Barra;160;BARCELOS;"E.E. DR. CARLOS NUNES";;121;11,59%;2
LOCAL;São João da Barra;160;GRUSSAÍ;"CIEP 103 – GRUSSAÍ";;115;13,92%;1
LOCAL;São João da Barra;160;BARCELOS;"EMEI DR. CARLOS NUNES";;87;10,36%;2
LOCAL;São João da Barra;160;BARCELOS;"COLÉGIO MUNICIPAL PROFª LÚCIA MOTA";;83;12,61%;2
LOCAL;São João da Barra;160;BARCELOS;"C.M. DR. CARLOS NUNES";;81;13,78%;1
LOCAL;São João da Barra;160;GRUSSAÍ;"COLÉGIO MUNICIPAL ANTÔNIO PEREIRA";;73;10,28%;2
LOCAL;São João da Barra;160;GRUSSAÍ;"ESCOLA ESTADUAL PROFª LÚCIA MOTA";;59;14,90%;1
LOCAL;São João da Barra;160;BARCELOS;"E.M. SÃO FRANCISCO";;46;12,33%;2
LOCAL;São João da Barra;160;ATAFONA;"C.E. MARIA DAS GRAÇAS";;30;7,14%;2
LOCAL;São João da Barra;160;JARDIM SÃO JOSÉ;"EMEI SÃO FRANCISCO";;25;5,95%;3
LOCAL;São João da Barra;160;GRUSSAÍ;"C.M. ANTÔNIO PEREIRA";;23;15,33%;1
LOCAL;São João da Barra;160;GRUSSAÍ;"C.E. ANTÔNIO PEREIRA";;23;15,33%;1
LOCAL;São João da Barra;160;PARQUE SÃO JOSÉ;"ESCOLA ESTADUAL SÃO FRANCISCO";;22;5,54%;3
LOCAL;São João da Barra;160;ALTO SÃO JOSÉ;"C.E. DR. CARLOS NUNES";;20;7,55%;2
LOCAL;São João da Barra;160;NOVA SÃO JOSÉ;"E.E. PADRE ANCHIETA";;20;10,70%;2
LOCAL;São João da Barra;160;VILA SANTA ROSA;"CIEP 124 – VILA SANTA ROSA";;19;9,18%;2
LOCAL;São João da Barra;160;JARDIM SANTA ROSA;"COLÉGIO MUNICIPAL SÃO FRANCISCO";;18;12,00%;2
LOCAL;São João da Barra;160;PARQUE SANTA ROSA;"C.M. SÃO FRANCISCO";;16;10,67%;2
LOCAL;São João da Barra;160;ALTO SANTA ROSA;"E.M. PADRE ANCHIETA";;15;7,98%;2
LOCAL;São João da Barra;160;NOVA SANTA ROSA;"C.E. SÃO FRANCISCO";;14;9,33%;2
LOCAL;São João da Barra;160;VILA AMÉRICA;"E.E. SÃO FRANCISCO";;14;7,69%;2
LOCAL;São João da Barra;160;JARDIM AMÉRICA;"ESCOLA ESTADUAL PROF. JOÃO ROCHA";;14;9,33%;2
LOCAL;São João da Barra;160;PARQUE AMÉRICA;"C.E. PADRE ANCHIETA";;14;9,33%;2
LOCAL;São João da Barra;160;ALTO AMÉRICA;"E.E. DONA ROSA";;13;8,67%;2
LOCAL;São João da Barra;160;NOVA AMÉRICA;"EMEI PROF. JOÃO ROCHA";;12;8,00%;2
LOCAL;São João da Barra;160;VILA BOA VISTA;"C.M. DONA ROSA";;12;8,00%;2
LOCAL;São João da Barra;160;JARDIM BOA VISTA;"C.E. DONA ROSA";;12;8,00%;2
LOCAL;São João da Barra;160;PARQUE BOA VISTA;"E.E. TIRADENTES";;10;6,67%;2
LOCAL;São João da Barra;160;ALTO BOA VISTA;"CIEP 145 – ALTO BOA VISTA";;9;6,00%;3
LOCAL;São João da Barra;160;NOVA BOA VISTA;"COLÉGIO MUNICIPAL TIRADENTES";;9;4,62%;3
LOCAL;São João da Barra;160;VILA ESPERANÇA;"ESCOLA ESTADUAL DONA ROSA";;9;6,00%;3
LOCAL;São João da Barra;160;JARDIM ESPERANÇA;"C.M. TIRADENTES";;9;6,00%;3
LOCAL;São João da Barra;160;PARQUE ESPERANÇA;"E.M. DONA ROSA";;8;5,33%;3
LOCAL;São João da Barra;160;ALTO ESPERANÇA;"C.E. TIRADENTES";;8;5,33%;3
LOCAL;São João da Barra;160;NOVA ESPERANÇA;"E.E. PROF. JOÃO ROCHA";;8;5,33%;3
LOCAL;São João da Barra;160;VILA SANTO ANTÔNIO;"COLÉGIO MUNICIPAL MONTEIRO LOBATO";;8;5,33%;3
LOCAL;São João da Barra;160;JARDIM SANTO ANTÔNIO;"ESCOLA ESTADUAL TIRADENTES";;8;5,33%;3
LOCAL;São João da Barra;160;PARQUE SANTO ANTÔNIO;"C.E. MONTEIRO LOBATO";;8;5,33%;3
LOCAL;São João da Barra;160;ALTO SANTO ANTÔNIO;"E.E. CECÍLIA MEIRELES";;7;4,67%;3
LOCAL;São João da Barra;160;NOVA SANTO ANTÔNIO;"EMEI TIRADENTES";;7;4,67%;3
LOCAL;São João da Barra;160;VILA SÃO JORGE;"ESCOLA ESTADUAL MONTEIRO LOBATO";;6;4,00%;3
LOCAL;São João da Barra;160;JARDIM SÃO JORGE;"C.M. MONTEIRO LOBATO";;6;4,00%;3
LOCAL;São João da Barra;160;PARQUE SÃO JORGE;"E.M. RUI BARBOSA";;6;4,00%;3
LOCAL;São João da Barra;160;ALTO SÃO JORGE;"C.E. CECÍLIA MEIRELES";;5;3,33%;4
LOCAL;São João da Barra;160;NOVA SÃO JORGE;"CIEP 166 – NOVA SÃO JORGE";;5;3,33%;4
LOCAL;São João da Barra;160;VILA DAS FLORES;"ESCOLA ESTADUAL CECÍLIA MEIRELES";;5;3,33%;4
LOCAL;São João da Barra;160;JARDIM DAS FLORES;"E.M. PROFª ALICE SOUZA";;5;3,33%;4
LOCAL;São João da Barra;160;PARQUE DAS FLORES;"E.E. MONTEIRO LOBATO";;5;3,33%;4
LOCAL;São João da Barra;160;ALTO DAS FLORES;"EMEI RUI BARBOSA";;5;3,33%;4
LOCAL;São João da Barra;160;NOVA DAS FLORES;"ESCOLA ESTADUAL RUI BARBOSA";;4;2,67%;5
LOCAL;São João da Barra;160;VILA BELA VISTA;"C.M. PROFª ALICE SOUZA";;4;2,67%;5
LOCAL;São João da Barra;160;JARDIM BELA VISTA;"C.E. PROFª ALICE SOUZA";;4;2,67%;5
SECAO;São João da Barra;160;ATAFONA;"C.E. PRAIA DE ATAFONA";001;49;16,84%;1
SECAO;São João da Barra;160;ATAFONA;"C.E. PRAIA DE ATAFONA";003;49;11,67%;2
SECAO;São João da Barra;160;ATAFONA;"C.E. PRAIA DE ATAFONA";005;49;11,67%;2
SECAO;São João da Barra;160;ATAFONA;"C.E. PRAIA DE ATAFONA";007;49;11,67%;2
SECAO;São João da Barra;160;ATAFONA;"C.E. PRAIA DE ATAFONA";011;49;11,67%;2
SECAO;São João da Barra;160;CENTRO;"E.M. CENTRO HISTÓRICO";023;49;13,28%;1
SECAO;São João da Barra;160;CENTRO;"E.M. CENTRO HISTÓRICO";026;49;11,67%;2
SECAO;São João da Barra;160;CENTRO;"E.M. CENTRO HISTÓRICO";028;49;13,61%;1
SECAO;São João da Barra;160;CENTRO;"E.M. CENTRO HISTÓRICO";029;49;17,82%;1
SECAO;São João da Barra;160;CENTRO;"E.M. ANTÔNIO PEREIRA";040;49;15,08%;1
SECAO;São João da Barra;160;CENTRO;"E.M. ANTÔNIO PEREIRA";043;49;11,72%;2
SECAO;São João da Barra;160;GRUSSAÍ;"E.E. PROFª LÚCIA MOTA";053;49;11,67%;2
SECAO;São João da Barra;160;GRUSSAÍ;"CIEP 103 – GRUSSAÍ";059;49;17,25%;1
SECAO;São João da Barra;160;GRUSSAÍ;"COLÉGIO MUNICIPAL ANTÔNIO PEREIRA";064;49;16,90%;1
SECAO;São João da Barra;160;BARCELOS;"E.E. DR. CARLOS NUNES";079;49;11,67%;2
SECAO;São João da Barra;160;BARCELOS;"E.E. DR. CARLOS NUNES";081;49;12,47%;2
SECAO;São João da Barra;160;BARCELOS;"EMEI DR. CARLOS NUNES";088;49;11,67%;2
SECAO;São João da Barra;160;BARCELOS;"C.M. DR. CARLOS NUNES";102;49;14,89%;1
SECAO;São João da Barra;160;BARCELOS;"E.M. SÃO FRANCISCO";106;46;12,33%;2
SECAO;São João da Barra;160;ATAFONA;"C.E. PRAIA DE ATAFONA";013;45;10,71%;2
SECAO;São João da Barra;160;GRUSSAÍ;"ESCOLA ESTADUAL PROFª LÚCIA MOTA";069;45;18,29%;1
SECAO;São João da Barra;160;BARCELOS;"COLÉGIO MUNICIPAL PROFª LÚCIA MOTA";096;45;13,20%;1
SECAO;São João da Barra;160;ATAFONA;"C.E. PRAIA DE ATAFONA";017;44;10,48%;2
SECAO;São João da Barra;160;CENTRO;"E.M. CENTRO HISTÓRICO";031;43;10,24%;2
SECAO;São João da Barra;160;GRUSSAÍ;"CIEP 103 – GRUSSAÍ";060;42;10,71%;2
SECAO;São João da Barra;160;GRUSSAÍ;"E.E. PROFª LÚCIA MOTA";056;41;10,41%;2
SECAO;São João da Barra;160;CENTRO;"E.M. CENTRO HISTÓRICO";034;40;14,29%;1
SECAO;São João da Barra;160;GRUSSAÍ;"E.E. PROFª LÚCIA MOTA";058;40;15,27%;1
SECAO;São João da Barra;160;BARCELOS;"EMEI DR. CARLOS NUNES";092;38;9,05%;2
SECAO;São João da Barra;160;BARCELOS;"COLÉGIO MUNICIPAL PROFª LÚCIA MOTA";099;38;11,99%;2
SECAO;São João da Barra;160;ATAFONA;"C.E. PRAIA DE ATAFONA";018;36;8,57%;2
SECAO;São João da Barra;160;ATAFONA;"C.E. PRAIA DE ATAFONA";021;35;16,13%;1
SECAO;São João da Barra;160;CENTRO;"E.M. CENTRO HISTÓRICO";038;32;7,62%;2
SECAO;São João da Barra;160;BARCELOS;"C.M. DR. CARLOS NUNES";105;32;12,36%;2
SECAO;São João da Barra;160;ATAFONA;"C.E. MARIA DAS GRAÇAS";051;30;7,14%;2
SECAO;São João da Barra;160;CENTRO;"E.M. ANTÔNIO PEREIRA";047;27;8,11%;2
SECAO;São João da Barra;160;JARDIM SÃO JOSÉ;"EMEI SÃO FRANCISCO";107;25;5,95%;3
SECAO;São João da Barra;160;GRUSSAÍ;"CIEP 103 – GRUSSAÍ";061;24;16,00%;1
SECAO;São João da Barra;160;GRUSSAÍ;"COLÉGIO MUNICIPAL ANTÔNIO PEREIRA";065;24;5,71%;3
SECAO;São João da Barra;160;GRUSSAÍ;"C.M. ANTÔNIO PEREIRA";074;23;15,33%;1
SECAO;São João da Barra;160;GRUSSAÍ;"C.E. ANTÔNIO PEREIRA";075;23;15,33%;1
SECAO;São João da Barra;160;BARCELOS;"E.E. DR. CARLOS NUNES";084;23;9,96%;2
SECAO;São João da Barra;160;PARQUE SÃO JOSÉ;"ESCOLA ESTADUAL SÃO FRANCISCO";111;22;5,54%;3
SECAO;São João da Barra;160;ALTO SÃO JOSÉ;"C.E. DR. CARLOS NUNES";114;20;7,55%;2
SECAO;São João da Barra;160;NOVA SÃO JOSÉ;"E.E. PADRE ANCHIETA";118;20;10,70%;2
SECAO;São João da Barra;160;VILA SANTA ROSA;"CIEP 124 – VILA SANTA ROSA";122;19;9,18%;2
SECAO;São João da Barra;160;JARDIM SANTA ROSA;"COLÉGIO MUNICIPAL SÃO FRANCISCO";123;18;12,00%;2
SECAO;São João da Barra;160;PARQUE SANTA ROSA;"C.M. SÃO FRANCISCO";126;16;10,67%;2
SECAO;São João da Barra;160;ALTO SANTA ROSA;"E.M. PADRE ANCHIETA";130;15;7,98%;2
SECAO;São João da Barra;160;GRUSSAÍ;"ESCOLA ESTADUAL PROFª LÚCIA MOTA";073;14;9,33%;2
SECAO;São João da Barra;160;NOVA SANTA ROSA;"C.E. SÃO FRANCISCO";132;14;9,33%;2
SECAO;São João da Barra;160;VILA AMÉRICA;"E.E. SÃO FRANCISCO";136;14;7,69%;2
SECAO;São João da Barra;160;JARDIM AMÉRICA;"ESCOLA ESTADUAL PROF. JOÃO ROCHA";139;14;9,33%;2
SECAO;São João da Barra;160;PARQUE AMÉRICA;"C.E. PADRE ANCHIETA";141;14;9,33%;2
SECAO;São João da Barra;160;ALTO AMÉRICA;"E.E. DONA ROSA";144;13;8,67%;2
SECAO;São João da Barra;160;NOVA AMÉRICA;"EMEI PROF. JOÃO ROCHA";145;12;8,00%;2
SECAO;São João da Barra;160;VILA BOA VISTA;"C.M. DONA ROSA";146;12;8,00%;2
SECAO;São João da Barra;160;JARDIM BOA VISTA;"C.E. DONA ROSA";148;12;8,00%;2
SECAO;São João da Barra;160;PARQUE BOA VISTA;"E.E. TIRADENTES";152;10;6,67%;2
SECAO;São João da Barra;160;ALTO BOA VISTA;"CIEP 145 – ALTO BOA VISTA";155;9;6,00%;3
SECAO;São João da Barra;160;NOVA BOA VISTA;"COLÉGIO MUNICIPAL TIRADENTES";157;9;4,62%;3
SECAO;São João da Barra;160;VILA ESPERANÇA;"ESCOLA ESTADUAL DONA ROSA";158;9;6,00%;3
SECAO;São João da Barra;160;JARDIM ESPERANÇA;"C.M. TIRADENTES";162;9;6,00%;3
SECAO;São João da Barra;160;PARQUE ESPERANÇA;"E.M. DONA ROSA";164;8;5,33%;3
SECAO;São João da Barra;160;ALTO ESPERANÇA;"C.E. TIRADENTES";165;8;5,33%;3
SECAO;São João da Barra;160;NOVA ESPERANÇA;"E.E. PROF. JOÃO ROCHA";168;8;5,33%;3
SECAO;São João da Barra;160;VILA SANTO ANTÔNIO;"COLÉGIO MUNICIPAL MONTEIRO LOBATO";171;8;5,33%;3
SECAO;São João da Barra;160;JARDIM SANTO ANTÔNIO;"ESCOLA ESTADUAL TIRADENTES";175;8;5,33%;3
SECAO;São João da Barra;160;PARQUE SANTO ANTÔNIO;"C.E. MONTEIRO LOBATO";177;8;5,33%;3
SECAO;São João da Barra;160;ALTO SANTO ANTÔNIO;"E.E. CECÍLIA MEIRELES";178;7;4,67%;3
SECAO;São João da Barra;160;NOVA SANTO ANTÔNIO;"EMEI TIRADENTES";181;7;4,67%;3
SECAO;São João da Barra;160;VILA SÃO JORGE;"ESCOLA ESTADUAL MONTEIRO LOBATO";184;6;4,00%;3
SECAO;São João da Barra;160;JARDIM SÃO JORGE;"C.M. MONTEIRO LOBATO";185;6;4,00%;3
SECAO;São João da Barra;160;PARQUE SÃO JORGE;"E.M. RUI BARBOSA";188;6;4,00%;3
SECAO;São João da Barra;160;ALTO SÃO JORGE;"C.E. CECÍLIA MEIRELES";189;5;3,33%;4
SECAO;São João da Barra;160;NOVA SÃO JORGE;"CIEP 166 – NOVA SÃO JORGE";192;5;3,33%;4
SECAO;São João da Barra;160;VILA DAS FLORES;"ESCOLA ESTADUAL CECÍLIA MEIRELES";195;5;3,33%;4
SECAO;São João da Barra;160;JARDIM DAS FLORES;"E.M. PROFª ALICE SOUZA";199;5;3,33%;4
SECAO;São João da Barra;160;PARQUE DAS FLORES;"E.E. MONTEIRO LOBATO";200;5;3,33%;4
SECAO;São João da Barra;160;ALTO DAS FLORES;"EMEI RUI BARBOSA";204;5;3,33%;4
SECAO;São João da Barra;160;NOVA DAS FLORES;"ESCOLA ESTADUAL RUI BARBOSA";207;4;2,67%;5
SECAO;São João da Barra;160;VILA BELA VISTA;"C.M. PROFª ALICE SOUZA";208;4;2,67%;5
SECAO;São João da Barra;160;JARDIM BELA VISTA;"C.E. PROFª ALICE SOUZA";211;4;2,67%;5
MUNICIPIO;São Francisco de Itabapoana;;;;;1985;6,99%;3
ZONA;São Francisco de Itabapoana;161;;;;1985;6,99%;3
BAIRRO;São Francisco de Itabapoana;;CENTRO;;;457;5,44%;3
BAIRRO;São Francisco de Itabapoana;;GARGAÚ;;;413;6,52%;3
BAIRRO;São Francisco de Itabapoana;;BARRA DE ITABAPOANA;;;403;10,98%;2
BAIRRO;São Francisco de Itabapoana;;PRAÇA JOÃO PESSOA;;;315;7,00%;4
BAIRRO;São Francisco de Itabapoana;;JARDIM SÃO JOSÉ;;;21;5,29%;4
BAIRRO;São Francisco de Itabapoana;;PARQUE SÃO JOSÉ;;;21;6,43%;3
BAIRRO;São Francisco de Itabapoana;;ALTO SÃO JOSÉ;;;20;3,12%;5
BAIRRO;São Francisco de Itabapoana;;NOVA SÃO JOSÉ;;;20;7,79%;3
BAIRRO;São Francisco de Itabapoana;;VILA SANTA ROSA;;;19;4,69%;4
BAIRRO;São Francisco de Itabapoana;;JARDIM SANTA ROSA;;;18;6,47%;3
BAIRRO;São Francisco de Itabapoana;;PARQUE SANTA ROSA;;;18;4,56%;4
BAIRRO;São Francisco de Itabapoana;;ALTO SANTA ROSA;;;18;2,57%;6
BAIRRO;São Francisco de Itabapoana;;NOVA SANTA ROSA;;;16;6,40%;3
BAIRRO;São Francisco de Itabapoana;;VILA AMÉRICA;;;15;6,00%;3
BAIRRO;São Francisco de Itabapoana;;JARDIM AMÉRICA;;;14;4,35%;4
BAIRRO;São Francisco de Itabapoana;;PARQUE AMÉRICA;;;14;5,60%;4
BAIRRO;São Francisco de Itabapoana;;ALTO AMÉRICA;;;13;5,20%;4
BAIRRO;São Francisco de Itabapoana;;NOVA AMÉRICA;;;12;4,80%;4
BAIRRO;São Francisco de Itabapoana;;VILA BOA VISTA;;;12;4,80%;4
BAIRRO;São Francisco de Itabapoana;;JARDIM BOA VISTA;;;12;4,80%;4
BAIRRO;São Francisco de Itabapoana;;PARQUE BOA VISTA;;;11;4,40%;4
BAIRRO;São Francisco de Itabapoana;;ALTO BOA VISTA;;;11;2,81%;6
BAIRRO;São Francisco de Itabapoana;;NOVA BOA VISTA;;;9;3,60%;5
BAIRRO;São Francisco de Itabapoana;;VILA ESPERANÇA;;;9;3,60%;5
BAIRRO;São Francisco de Itabapoana;;JARDIM ESPERANÇA;;;9;3,02%;5
BAIRRO;São Francisco de Itabapoana;;PARQUE ESPERANÇA;;;8;3,20%;5
BAIRRO;São Francisco de Itabapoana;;ALTO ESPERANÇA;;;7;2,80%;6
BAIRRO;São Francisco de Itabapoana;;NOVA ESPERANÇA;;;7;2,80%;6
BAIRRO;São Francisco de Itabapoana;;VILA SANTO ANTÔNIO;;;6;2,40%;6
BAIRRO;São Francisco de Itabapoana;;JARDIM SANTO ANTÔNIO;;;6;2,40%;6
BAIRRO;São Francisco de Itabapoana;;PARQUE SANTO ANTÔNIO;;;5;2,00%;7
BAIRRO;São Francisco de Itabapoana;;ALTO SANTO ANTÔNIO;;;5;2,00%;7
BAIRRO;São Francisco de Itabapoana;;NOVA SANTO ANTÔNIO;;;5;2,00%;7
BAIRRO;São Francisco de Itabapoana;;VILA SÃO JORGE;;;5;2,00%;7
BAIRRO;São Francisco de Itabapoana;;JARDIM SÃO JORGE;;;5;2,00%;7
BAIRRO;São Francisco de Itabapoana;;PARQUE SÃO JORGE;;;5;2,00%;7
BAIRRO;São Francisco de Itabapoana;;ALTO SÃO JORGE;;;4;1,60%;8
BAIRRO;São Francisco de Itabapoana;;NOVA SÃO JORGE;;;4;1,60%;8
BAIRRO;São Francisco de Itabapoana;;VILA DAS FLORES;;;4;1,60%;8
BAIRRO;São Francisco de Itabapoana;;JARDIM DAS FLORES;;;3;1,20%;10
BAIRRO;São Francisco de Itabapoana;;PARQUE DAS FLORES;;;3;1,20%;10
BAIRRO;São Francisco de Itabapoana;;ALTO DAS FLORES;;;3;1,20%;10
LOCAL;São Francisco de Itabapoana;161;BARRA DE ITABAPOANA;"E.M. BARRA DO RIO";;293;9,10%;3
LOCAL;São Francisco de Itabapoana;161;GARGAÚ;"ESCOLA ESTADUAL PROFª LÚCIA MOTA";;130;10,32%;2
LOCAL;São Francisco de Itabapoana;161;GARGAÚ;"C.M. ANTÔNIO PEREIRA";;130;11,95%;2
LOCAL;São Francisco de Itabapoana;161;PRAÇA JOÃO PESSOA;"COLÉGIO MUNICIPAL DR. CARLOS NUNES";;130;11,05%;2
LOCAL;São Francisco de Itabapoana;161;PRAÇA JOÃO PESSOA;"ESCOLA ESTADUAL DR. CARLOS NUNES";;130;10,89%;2
LOCAL;São Francisco de Itabapoana;161;CENTRO;"E.M. PROFª LÚCIA MOTA";;118;9,83%;2
LOCAL;São Francisco de Itabapoana;161;BARRA DE ITABAPOANA;"EMEI DR. CARLOS NUNES";;110;10,55%;2
LOCAL;São Francisco de Itabapoana;161;CENTRO;"C.E. MARIA DAS GRAÇAS";;102;9,20%;2
LOCAL;São Francisco de Itabapoana;161;CENTRO;"E.E. MARIA DAS GRAÇAS";;98;12,33%;2
LOCAL;São Francisco de Itabapoana;161;GARGAÚ;"E.M. MARIA DAS GRAÇAS";;83;10,72%;2
LOCAL;São Francisco de Itabapoana;161;CENTRO;"CIEP 103 – CENTRO";;80;9,52%;2
LOCAL;São Francisco de Itabapoana;161;GARGAÚ;"E.E. DR. CARLOS NUNES";;70;10,57%;2
LOCAL;São Francisco de Itabapoana;161;CENTRO;"COLÉGIO MUNICIPAL MARIA DAS GRAÇAS";;59;12,27%;2
LOCAL;São Francisco de Itabapoana;161;PRAÇA JOÃO PESSOA;"C.M. MARIA DAS GRAÇAS";;55;8,50%;3
LOCAL;São Francisco de Itabapoana;161;JARDIM SÃO JOSÉ;"E.M. DR. CARLOS NUNES";;21;8,82%;3
LOCAL;São Francisco de Itabapoana;161;PARQUE SÃO JOSÉ;"C.E. DR. CARLOS NUNES";;21;10,71%;2
LOCAL;São Francisco de Itabapoana;161;ALTO SÃO JOSÉ;"EMEI ANTÔNIO PEREIRA";;20;5,19%;4
LOCAL;São Francisco de Itabapoana;161;NOVA SÃO JOSÉ;"COLÉGIO MUNICIPAL SÃO FRANCISCO";;20;12,99%;2
LOCAL;São Francisco de Itabapoana;161;VILA SANTA ROSA;"ESCOLA ESTADUAL ANTÔNIO PEREIRA";;19;7,82%;3
LOCAL;São Francisco de Itabapoana;161;JARDIM SANTA ROSA;"C.M. DR. CARLOS NUNES";;18;10,78%;2
LOCAL;São Francisco de Itabapoana;161;PARQUE SANTA ROSA;"E.M. SÃO FRANCISCO";;18;7,59%;3
LOCAL;São Francisco de Itabapoana;161;ALTO SANTA ROSA;"E.E. PADRE ANCHIETA";;18;4,29%;4
LOCAL;São Francisco de Itabapoana;161;NOVA SANTA ROSA;"CIEP 124 – NOVA SANTA ROSA";;16;10,67%;2
LOCAL;São Francisco de Itabapoana;161;VILA AMÉRICA;"COLÉGIO MUNICIPAL PROFª LÚCIA MOTA";;15;10,00%;2
LOCAL;São Francisco de Itabapoana;161;JARDIM AMÉRICA;"ESCOLA ESTADUAL PADRE ANCHIETA";;14;7,25%;3
LOCAL;São Francisco de Itabapoana;161;PARQUE AMÉRICA;"C.M. PADRE ANCHIETA";;14;9,33%;2
LOCAL;São Francisco de Itabapoana;161;ALTO AMÉRICA;"C.E. PROF. JOÃO ROCHA";;13;8,67%;3
LOCAL;São Francisco de Itabapoana;161;NOVA AMÉRICA;"COLÉGIO MUNICIPAL PROF. JOÃO ROCHA";;12;8,00%;3
LOCAL;São Francisco de Itabapoana;161;VILA BOA VISTA;"C.M. PROF. JOÃO ROCHA";;12;8,00%;3
LOCAL;São Francisco de Itabapoana;161;JARDIM BOA VISTA;"E.M. PADRE ANCHIETA";;12;8,00%;3
LOCAL;São Francisco de Itabapoana;161;PARQUE BOA VISTA;"C.E. DONA ROSA";;11;7,33%;3
LOCAL;São Francisco de Itabapoana;161;ALTO BOA VISTA;"E.E. PROF. JOÃO ROCHA";;11;4,68%;4
LOCAL;São Francisco de Itabapoana;161;NOVA BOA VISTA;"EMEI PADRE ANCHIETA";;9;6,00%;3
LOCAL;São Francisco de Itabapoana;161;VILA ESPERANÇA;"ESCOLA ESTADUAL PROF. JOÃO ROCHA";;9;6,00%;3
LOCAL;São Francisco de Itabapoana;161;JARDIM ESPERANÇA;"C.M. SÃO FRANCISCO";;9;5,03%;4
LOCAL;São Francisco de Itabapoana;161;PARQUE ESPERANÇA;"CIEP 145 – PARQUE ESPERANÇA";;8;5,33%;4
LOCAL;São Francisco de Itabapoana;161;ALTO ESPERANÇA;"COLÉGIO MUNICIPAL PADRE ANCHIETA";;7;4,67%;4
LOCAL;São Francisco de Itabapoana;161;NOVA ESPERANÇA;"E.M. DONA ROSA";;7;4,67%;4
LOCAL;São Francisco de Itabapoana;161;VILA SANTO ANTÔNIO;"C.E. MONTEIRO LOBATO";;6;4,00%;4
LOCAL;São Francisco de Itabapoana;161;JARDIM SANTO ANTÔNIO;"E.E. MONTEIRO LOBATO";;6;4,00%;4
LOCAL;São Francisco de Itabapoana;161;PARQUE SANTO ANTÔNIO;"EMEI MONTEIRO LOBATO";;5;3,33%;5
LOCAL;São Francisco de Itabapoana;161;ALTO SANTO ANTÔNIO;"COLÉGIO MUNICIPAL DONA ROSA";;5;3,33%;5
LOCAL;São Francisco de Itabapoana;161;NOVA SANTO ANTÔNIO;"ESCOLA ESTADUAL DONA ROSA";;5;3,33%;5
LOCAL;São Francisco de Itabapoana;161;VILA SÃO JORGE;"C.M. DONA ROSA";;5;3,33%;5
LOCAL;São Francisco de Itabapoana;161;JARDIM SÃO JORGE;"E.M. CECÍLIA MEIRELES";;5;3,33%;5
LOCAL;São Francisco de Itabapoana;161;PARQUE SÃO JORGE;"C.E. CECÍLIA MEIRELES";;5;3,33%;5
LOCAL;São Francisco de Itabapoana;161;ALTO SÃO JORGE;"E.E. DONA ROSA";;4;2,67%;6
LOCAL;São Francisco de Itabapoana;161;NOVA SÃO JORGE;"COLÉGIO MUNICIPAL CECÍLIA MEIRELES";;4;2,67%;6
LOCAL;São Francisco de Itabapoana;161;VILA DAS FLORES;"ESCOLA ESTADUAL CECÍLIA MEIRELES";;4;2,67%;6
LOCAL;São Francisco de Itabapoana;161;JARDIM DAS FLORES;"C.M. TIRADENTES";;3;2,00%;7
LOCAL;São Francisco de Itabapoana;161;PARQUE DAS FLORES;"E.M. MONTEIRO LOBATO";;3;2,00%;7
LOCAL;São Francisco de Itabapoana;161;ALTO DAS FLORES;"E.E. TIRADENTES";;3;2,00%;7
SECAO;São Francisco de Itabapoana;161;BARRA DE ITABAPOANA;"E.M. BARRA DO RIO";023;49;11,67%;2
SECAO;São Francisco de Itabapoana;161;BARRA DE ITABAPOANA;"E.M. BARRA DO RIO";025;49;14,08%;2
SECAO;São Francisco de Itabapoana;161;BARRA DE ITABAPOANA;"E.M. BARRA DO RIO";026;49;11,67%;2
SECAO;São Francisco de Itabapoana;161;BARRA DE ITABAPOANA;"E.M. BARRA DO RIO";028;49;11,67%;2
SECAO;São Francisco de Itabapoana;161;BARRA DE ITABAPOANA;"E.M. BARRA DO RIO";030;49;11,67%;2
SECAO;São Francisco de Itabapoana;161;CENTRO;"E.M. PROFª LÚCIA MOTA";034;49;13,61%;2
SECAO;São Francisco de Itabapoana;161;CENTRO;"C.E. MARIA DAS GRAÇAS";042;49;13,96%;2
SECAO;São Francisco de Itabapoana;161;CENTRO;"E.E. MARIA DAS GRAÇAS";046;49;13,07%;2
SECAO;São Francisco de Itabapoana;161;CENTRO;"E.E. MARIA DAS GRAÇAS";047;49;11,67%;2
SECAO;São Francisco de Itabapoana;161;CENTRO;"CIEP 103 – CENTRO";048;49;11,67%;2
SECAO;São Francisco de Itabapoana;161;GARGAÚ;"ESCOLA ESTADUAL PROFª LÚCIA MOTA";061;49;11,67%;2
SECAO;São Francisco de Itabapoana;161;GARGAÚ;"E.M. MARIA DAS GRAÇAS";069;49;11,67%;2
SECAO;São Francisco de Itabapoana;161;BARRA DE ITABAPOANA;"EMEI DR. CARLOS NUNES";081;49;14,00%;2
SECAO;São Francisco de Itabapoana;161;PRAÇA JOÃO PESSOA;"COLÉGIO MUNICIPAL DR. CARLOS NUNES";086;49;14,58%;2
SECAO;São Francisco de Itabapoana;161;PRAÇA JOÃO PESSOA;"ESCOLA ESTADUAL DR. CARLOS NUNES";093;49;11,67%;2
SECAO;São Francisco de Itabapoana;161;BARRA DE ITABAPOANA;"E.M. BARRA DO RIO";033;48;11,43%;2
SECAO;São Francisco de Itabapoana;161;GARGAÚ;"C.M. ANTÔNIO PEREIRA";065;48;13,64%;2
SECAO;São Francisco de Itabapoana;161;GARGAÚ;"ESCOLA ESTADUAL PROFª LÚCIA MOTA";062;47;11,19%;2
SECAO;São Francisco de Itabapoana;161;GARGAÚ;"E.E. DR. CARLOS NUNES";074;45;10,71%;2
SECAO;São Francisco de Itabapoana;161;PRAÇA JOÃO PESSOA;"ESCOLA ESTADUAL DR. CARLOS NUNES";097;45;12,71%;2
SECAO;São Francisco de Itabapoana;161;PRAÇA JOÃO PESSOA;"COLÉGIO MUNICIPAL DR. CARLOS NUNES";088;44;10,48%;2
SECAO;São Francisco de Itabapoana;161;GARGAÚ;"C.M. ANTÔNIO PEREIRA";066;41;12,97%;2
SECAO;São Francisco de Itabapoana;161;GARGAÚ;"C.M. ANTÔNIO PEREIRA";067;41;9,76%;2
SECAO;São Francisco de Itabapoana;161;CENTRO;"COLÉGIO MUNICIPAL MARIA DAS GRAÇAS";056;39;11,78%;2
SECAO;São Francisco de Itabapoana;161;CENTRO;"E.M. PROFª LÚCIA MOTA";038;37;8,81%;3
SECAO;São Francisco de Itabapoana;161;PRAÇA JOÃO PESSOA;"COLÉGIO MUNICIPAL DR. CARLOS NUNES";091;37;8,81%;3
SECAO;São Francisco de Itabapoana;161;PRAÇA JOÃO PESSOA;"ESCOLA ESTADUAL DR. CARLOS NUNES";101;36;8,57%;3
SECAO;São Francisco de Itabapoana;161;PRAÇA JOÃO PESSOA;"C.M. MARIA DAS GRAÇAS";103;36;8,57%;3
SECAO;São Francisco de Itabapoana;161;BARRA DE ITABAPOANA;"EMEI DR. CARLOS NUNES";082;35;8,33%;3
SECAO;São Francisco de Itabapoana;161;GARGAÚ;"ESCOLA ESTADUAL PROFª LÚCIA MOTA";063;34;8,10%;3
SECAO;São Francisco de Itabapoana;161;GARGAÚ;"E.M. MARIA DAS GRAÇAS";071;34;9,60%;2
SECAO;São Francisco de Itabapoana;161;CENTRO;"E.M. PROFª LÚCIA MOTA";039;32;7,62%;3
SECAO;São Francisco de Itabapoana;161;CENTRO;"CIEP 103 – CENTRO";052;31;7,38%;3
SECAO;São Francisco de Itabapoana;161;CENTRO;"C.E. MARIA DAS GRAÇAS";043;30;8,88%;3
SECAO;São Francisco de Itabapoana;161;BARRA DE ITABAPOANA;"EMEI DR. CARLOS NUNES";085;26;9,52%;2
SECAO;São Francisco de Itabapoana;161;GARGAÚ;"E.E. DR. CARLOS NUNES";077;25;10,33%;2
SECAO;São Francisco de Itabapoana;161;CENTRO;"C.E. MARIA DAS GRAÇAS";045;23;5,48%;4
SECAO;São Francisco de Itabapoana;161;JARDIM SÃO JOSÉ;"E.M. DR. CARLOS NUNES";106;21;8,82%;3
SECAO;São Francisco de Itabapoana;161;PARQUE SÃO JOSÉ;"C.E. DR. CARLOS NUNES";107;21;10,71%;2
SECAO;São Francisco de Itabapoana;161;CENTRO;"COLÉGIO MUNICIPAL MARIA DAS GRAÇAS";058;20;13,33%;2
SECAO;São Francisco de Itabapoana;161;ALTO SÃO JOSÉ;"EMEI ANTÔNIO PEREIRA";109;20;5,19%;4
SECAO;São Francisco de Itabapoana;161;NOVA SÃO JOSÉ;"COLÉGIO MUNICIPAL SÃO FRANCISCO";113;20;12,99%;2
SECAO;São Francisco de Itabapoana;161;PRAÇA JOÃO PESSOA;"C.M. MARIA DAS GRAÇAS";104;19;8,37%;3
SECAO;São Francisco de Itabapoana;161;VILA SANTA ROSA;"ESCOLA ESTADUAL ANTÔNIO PEREIRA";116;19;7,82%;3
SECAO;São Francisco de Itabapoana;161;JARDIM SANTA ROSA;"C.M. DR. CARLOS NUNES";119;18;10,78%;2
SECAO;São Francisco de Itabapoana;161;PARQUE SANTA ROSA;"E.M. SÃO FRANCISCO";122;18;7,59%;3
SECAO;São Francisco de Itabapoana;161;ALTO SANTA ROSA;"E.E. PADRE ANCHIETA";124;18;4,29%;4
SECAO;São Francisco de Itabapoana;161;NOVA SANTA ROSA;"CIEP 124 – NOVA SANTA ROSA";126;16;10,67%;2
SECAO;São Francisco de Itabapoana;161;VILA AMÉRICA;"COLÉGIO MUNICIPAL PROFª LÚCIA MOTA";128;15;10,00%;2
SECAO;São Francisco de Itabapoana;161;JARDIM AMÉRICA;"ESCOLA ESTADUAL PADRE ANCHIETA";129;14;7,25%;3
SECAO;São Francisco de Itabapoana;161;PARQUE AMÉRICA;"C.M. PADRE ANCHIETA";131;14;9,33%;2
SECAO;São Francisco de Itabapoana;161;ALTO AMÉRICA;"C.E. PROF. JOÃO ROCHA";132;13;8,67%;3
SECAO;São Francisco de Itabapoana;161;NOVA AMÉRICA;"COLÉGIO MUNICIPAL PROF. JOÃO ROCHA";136;12;8,00%;3
SECAO;São Francisco de Itabapoana;161;VILA BOA VISTA;"C.M. PROF. JOÃO ROCHA";140;12;8,00%;3
SECAO;São Francisco de Itabapoana;161;JARDIM BOA VISTA;"E.M. PADRE ANCHIETA";141;12;8,00%;3
SECAO;São Francisco de Itabapoana;161;PARQUE BOA VISTA;"C.E. DONA ROSA";143;11;7,33%;3
SECAO;São Francisco de Itabapoana;161;ALTO BOA VISTA;"E.E. PROF. JOÃO ROCHA";144;11;4,68%;4
SECAO;São Francisco de Itabapoana;161;NOVA BOA VISTA;"EMEI PADRE ANCHIETA";147;9;6,00%;3
SECAO;São Francisco de Itabapoana;161;VILA ESPERANÇA;"ESCOLA ESTADUAL PROF. JOÃO ROCHA";150;9;6,00%;3
SECAO;São Francisco de Itabapoana;161;JARDIM ESPERANÇA;"C.M. SÃO FRANCISCO";152;9;5,03%;4
SECAO;São Francisco de Itabapoana;161;PARQUE ESPERANÇA;"CIEP 145 – PARQUE ESPERANÇA";156;8;5,33%;4
SECAO;São Francisco de Itabapoana;161;ALTO ESPERANÇA;"COLÉGIO MUNICIPAL PADRE ANCHIETA";159;7;4,67%;4
SECAO;São Francisco de Itabapoana;161;NOVA ESPERANÇA;"E.M. DONA ROSA";162;7;4,67%;4
SECAO;São Francisco de Itabapoana;161;VILA SANTO ANTÔNIO;"C.E. MONTEIRO LOBATO";164;6;4,00%;4
SECAO;São Francisco de Itabapoana;161;JARDIM SANTO ANTÔNIO;"E.E. MONTEIRO LOBATO";166;6;4,00%;4
SECAO;São Francisco de Itabapoana;161;PARQUE SANTO ANTÔNIO;"EMEI MONTEIRO LOBATO";167;5;3,33%;5
SECAO;São Francisco de Itabapoana;161;ALTO SANTO ANTÔNIO;"COLÉGIO MUNICIPAL DONA ROSA";170;5;3,33%;5
SECAO;São Francisco de Itabapoana;161;NOVA SANTO ANTÔNIO;"ESCOLA ESTADUAL DONA ROSA";173;5;3,33%;5
SECAO;São Francisco de Itabapoana;161;VILA SÃO JORGE;"C.M. DONA ROSA";174;5;3,33%;5
SECAO;São Francisco de Itabapoana;161;JARDIM SÃO JORGE;"E.M. CECÍLIA MEIRELES";177;5;3,33%;5
SECAO;São Francisco de Itabapoana;161;PARQUE SÃO JORGE;"C.E. CECÍLIA MEIRELES";179;5;3,33%;5
SECAO;São Francisco de Itabapoana;161;ALTO SÃO JORGE;"E.E. DONA ROSA";181;4;2,67%;6
SECAO;São Francisco de Itabapoana;161;NOVA SÃO JORGE;"COLÉGIO MUNICIPAL CECÍLIA MEIRELES";185;4;2,67%;6
SECAO;São Francisco de Itabapoana;161;VILA DAS FLORES;"ESCOLA ESTADUAL CECÍLIA MEIRELES";189;4;2,67%;6
SECAO;São Francisco de Itabapoana;161;JARDIM DAS FLORES;"C.M. TIRADENTES";193;3;2,00%;7
SECAO;São Francisco de Itabapoana;161;PARQUE DAS FLORES;"E.M. MONTEIRO LOBATO";196;3;2,00%;7
SECAO;São Francisco de Itabapoana;161;ALTO DAS FLORES;"E.E. TIRADENTES";199;3;2,00%;7
MUNICIPIO;Macaé;;;;;1630;1,25%;14
ZONA;Macaé;254;;;;943;1,44%;12
ZONA;Macaé;109;;;;687;1,04%;14
BAIRRO;Macaé;;CENTRO;;;505;1,88%;18
BAIRRO;Macaé;;PARQUE AEROPORTO;;;275;0,93%;18
BAIRRO;Macaé;;BARRA DE MACAÉ;;;267;1,98%;16
BAIRRO;Macaé;;AROEIRAS;;;257;1,19%;15
BAIRRO;Macaé;;JARDIM SÃO JOSÉ;;;24;3,43%;9
BAIRRO;Macaé;;PARQUE SÃO JOSÉ;;;23;3,29%;5
BAIRRO;Macaé;;ALTO SÃO JOSÉ;;;23;3,29%;7
BAIRRO;Macaé;;NOVA SÃO JOSÉ;;;22;3,14%;9
BAIRRO;Macaé;;VILA SANTA ROSA;;;20;2,86%;8
BAIRRO;Macaé;;JARDIM SANTA ROSA;;;19;2,71%;6
BAIRRO;Macaé;;PARQUE SANTA ROSA;;;17;2,43%;7
BAIRRO;Macaé;;ALTO SANTA ROSA;;;16;2,29%;11
BAIRRO;Macaé;;NOVA SANTA ROSA;;;14;2,00%;11
BAIRRO;Macaé;;VILA AMÉRICA;;;13;1,86%;12
BAIRRO;Macaé;;JARDIM AMÉRICA;;;13;1,86%;10
BAIRRO;Macaé;;PARQUE AMÉRICA;;;12;1,71%;11
BAIRRO;Macaé;;ALTO AMÉRICA;;;9;1,50%;13
BAIRRO;Macaé;;NOVA AMÉRICA;;;9;1,29%;12
BAIRRO;Macaé;;VILA BOA VISTA;;;9;1,29%;12
BAIRRO;Macaé;;JARDIM BOA VISTA;;;8;1,14%;15
BAIRRO;Macaé;;PARQUE BOA VISTA;;;7;1,35%;12
BAIRRO;Macaé;;ALTO BOA VISTA;;;7;1,00%;17
BAIRRO;Macaé;;NOVA BOA VISTA;;;7;1,00%;18
BAIRRO;Macaé;;VILA ESPERANÇA;;;7;1,00%;18
BAIRRO;Macaé;;JARDIM ESPERANÇA;;;6;0,86%;20
BAIRRO;Macaé;;PARQUE ESPERANÇA;;;6;0,86%;17
BAIRRO;Macaé;;ALTO ESPERANÇA;;;6;0,86%;18
BAIRRO;Macaé;;NOVA ESPERANÇA;;;5;0,74%;20
BAIRRO;Macaé;;VILA SANTO ANTÔNIO;;;4;0,57%;26
BAIRRO;Macaé;;JARDIM SANTO ANTÔNIO;;;4;0,73%;21
BAIRRO;Macaé;;PARQUE SANTO ANTÔNIO;;;4;0,74%;21
BAIRRO;Macaé;;ALTO SANTO ANTÔNIO;;;4;1,44%;12
BAIRRO;Macaé;;NOVA SANTO ANTÔNIO;;;4;0,80%;18
BAIRRO;Macaé;;VILA SÃO JORGE;;;4;0,73%;20
LOCAL;Macaé;254;CENTRO;"E.M. LITORAL NORTE";;338;1,87%;17
LOCAL;Macaé;109;BARRA DE MACAÉ;"ESCOLA ESTADUAL JOSÉ DA SILVA";;130;10,32%;4
LOCAL;Macaé;254;AROEIRAS;"C.E. ANTÔNIO PEREIRA";;130;10,32%;5
LOCAL;Macaé;109;PARQUE AEROPORTO;"E.E. JOSÉ DA SILVA";;119;9,44%;5
LOCAL;Macaé;254;CENTRO;"E.M. MARIA DAS GRAÇAS";;104;8,25%;3
LOCAL;Macaé;109;PARQUE AEROPORTO;"CIEP 103 – PARQUE AEROPORTO";;97;11,55%;3
LOCAL;Macaé;254;BARRA DE MACAÉ;"C.M. PROFª LÚCIA MOTA";;87;10,36%;1
LOCAL;Macaé;109;AROEIRAS;"E.E. DR. CARLOS NUNES";;75;8,93%;6
LOCAL;Macaé;254;CENTRO;"C.E. PROFª LÚCIA MOTA";;63;7,50%;2
LOCAL;Macaé;109;PARQUE AEROPORTO;"COLÉGIO MUNICIPAL PROFª LÚCIA MOTA";;59;7,02%;6
LOCAL;Macaé;254;AROEIRAS;"EMEI MARIA DAS GRAÇAS";;52;6,19%;3
LOCAL;Macaé;109;BARRA DE MACAÉ;"E.M. PROFª LÚCIA MOTA";;50;5,95%;4
LOCAL;Macaé;254;JARDIM SÃO JOSÉ;"COLÉGIO MUNICIPAL MARIA DAS GRAÇAS";;24;5,71%;6
LOCAL;Macaé;109;PARQUE SÃO JOSÉ;"ESCOLA ESTADUAL ANTÔNIO PEREIRA";;23;5,48%;5
LOCAL;Macaé;254;ALTO SÃO JOSÉ;"C.M. ANTÔNIO PEREIRA";;23;5,48%;6
LOCAL;Macaé;109;NOVA SÃO JOSÉ;"EMEI PROFª LÚCIA MOTA";;22;5,24%;7
LOCAL;Macaé;254;VILA SANTA ROSA;"COLÉGIO MUNICIPAL ANTÔNIO PEREIRA";;20;4,76%;3
LOCAL;Macaé;109;JARDIM SANTA ROSA;"E.M. DR. CARLOS NUNES";;19;4,52%;6
LOCAL;Macaé;254;PARQUE SANTA ROSA;"C.E. PADRE ANCHIETA";;17;4,05%;8
LOCAL;Macaé;109;ALTO SANTA ROSA;"E.E. PADRE ANCHIETA";;16;3,81%;7
LOCAL;Macaé;254;NOVA SANTA ROSA;"CIEP 124 – NOVA SANTA ROSA";;14;3,33%;6
LOCAL;Macaé;109;VILA AMÉRICA;"COLÉGIO MUNICIPAL DR. CARLOS NUNES";;13;3,10%;5
LOCAL;Macaé;254;JARDIM AMÉRICA;"ESCOLA ESTADUAL SÃO FRANCISCO";;13;3,10%;9
LOCAL;Macaé;109;PARQUE AMÉRICA;"C.M. DR. CARLOS NUNES";;12;2,86%;9
LOCAL;Macaé;254;ALTO AMÉRICA;"E.M. PROF. JOÃO ROCHA";;9;2,49%;8
LOCAL;Macaé;109;NOVA AMÉRICA;"C.E. SÃO FRANCISCO";;9;2,14%;11
LOCAL;Macaé;254;VILA BOA VISTA;"EMEI DR. CARLOS NUNES";;9;2,14%;8
LOCAL;Macaé;109;JARDIM BOA VISTA;"ESCOLA ESTADUAL PROF. JOÃO ROCHA";;8;1,90%;8
LOCAL;Macaé;254;PARQUE BOA VISTA;"C.M. PROF. JOÃO ROCHA";;7;2,25%;10
LOCAL;Macaé;109;ALTO BOA VISTA;"E.M. SÃO FRANCISCO";;7;1,67%;10
LOCAL;Macaé;254;NOVA BOA VISTA;"EMEI DONA ROSA";;7;1,67%;12
LOCAL;Macaé;109;VILA ESPERANÇA;"COLÉGIO MUNICIPAL SÃO FRANCISCO";;7;1,67%;9
LOCAL;Macaé;254;JARDIM ESPERANÇA;"E.M. DONA ROSA";;6;1,43%;15
LOCAL;Macaé;109;PARQUE ESPERANÇA;"E.E. DONA ROSA";;6;1,43%;14
LOCAL;Macaé;254;ALTO ESPERANÇA;"CIEP 145 – ALTO ESPERANÇA";;6;1,43%;11
LOCAL;Macaé;109;NOVA ESPERANÇA;"COLÉGIO MUNICIPAL TIRADENTES";;5;1,23%;14
LOCAL;Macaé;254;VILA SANTO ANTÔNIO;"ESCOLA ESTADUAL TIRADENTES";;4;0,95%;19
LOCAL;Macaé;254;JARDIM SANTO ANTÔNIO;"C.M. TIRADENTES";;4;1,21%;12
LOCAL;Macaé;109;PARQUE SANTO ANTÔNIO;"E.M. TIRADENTES";;4;1,23%;16
LOCAL;Macaé;254;ALTO SANTO ANTÔNIO;"C.E. MONTEIRO LOBATO";;4;2,40%;7
LOCAL;Macaé;109;NOVA SANTO ANTÔNIO;"E.E. PROF. JOÃO ROCHA";;4;1,34%;13
LOCAL;Macaé;254;VILA SÃO JORGE;"EMEI MONTEIRO LOBATO";;4;1,22%;16
SECAO;Macaé;254;CENTRO;"E.M. LITORAL NORTE";027;49;11,67%;2
SECAO;Macaé;254;CENTRO;"E.M. LITORAL NORTE";029;49;11,67%;2
SECAO;Macaé;254;CENTRO;"E.M. LITORAL NORTE";030;49;11,67%;4
SECAO;Macaé;254;CENTRO;"E.M. LITORAL NORTE";033;49;11,67%;1
SECAO;Macaé;254;CENTRO;"E.M. LITORAL NORTE";037;49;11,67%;5
SECAO;Macaé;109;PARQUE AEROPORTO;"E.E. JOSÉ DA SILVA";015;49;11,67%;1
SECAO;Macaé;109;PARQUE AEROPORTO;"CIEP 103 – PARQUE AEROPORTO";025;49;11,67%;1
SECAO;Macaé;109;BARRA DE MACAÉ;"ESCOLA ESTADUAL JOSÉ DA SILVA";034;49;11,67%;4
SECAO;Macaé;109;BARRA DE MACAÉ;"ESCOLA ESTADUAL JOSÉ DA SILVA";037;49;11,67%;4
SECAO;Macaé;254;BARRA DE MACAÉ;"C.M. PROFª LÚCIA MOTA";053;49;11,67%;4
SECAO;Macaé;254;AROEIRAS;"C.E. ANTÔNIO PEREIRA";059;49;11,67%;5
SECAO;Macaé;109;AROEIRAS;"E.E. DR. CARLOS NUNES";047;49;11,67%;3
SECAO;Macaé;109;PARQUE AEROPORTO;"CIEP 103 – PARQUE AEROPORTO";029;48;11,43%;2
SECAO;Macaé;254;CENTRO;"E.M. LITORAL NORTE";039;47;11,19%;3
SECAO;Macaé;254;CENTRO;"E.M. LITORAL NORTE";042;46;10,95%;2
SECAO;Macaé;109;PARQUE AEROPORTO;"COLÉGIO MUNICIPAL PROFª LÚCIA MOTA";031;46;10,95%;3
SECAO;Macaé;109;PARQUE AEROPORTO;"E.E. JOSÉ DA SILVA";018;45;10,71%;5
SECAO;Macaé;254;AROEIRAS;"C.E. ANTÔNIO PEREIRA";060;44;10,48%;5
SECAO;Macaé;109;BARRA DE MACAÉ;"E.M. PROFª LÚCIA MOTA";042;41;9,76%;1
SECAO;Macaé;254;CENTRO;"E.M. MARIA DAS GRAÇAS";044;39;9,29%;2
SECAO;Macaé;254;CENTRO;"E.M. MARIA DAS GRAÇAS";045;38;9,05%;3
SECAO;Macaé;254;BARRA DE MACAÉ;"C.M. PROFª LÚCIA MOTA";057;38;9,05%;2
SECAO;Macaé;254;AROEIRAS;"C.E. ANTÔNIO PEREIRA";064;37;8,81%;4
SECAO;Macaé;254;CENTRO;"C.E. PROFª LÚCIA MOTA";049;33;7,86%;3
SECAO;Macaé;109;BARRA DE MACAÉ;"ESCOLA ESTADUAL JOSÉ DA SILVA";041;32;7,62%;5
SECAO;Macaé;254;AROEIRAS;"EMEI MARIA DAS GRAÇAS";067;31;7,38%;3
SECAO;Macaé;254;CENTRO;"C.E. PROFª LÚCIA MOTA";051;30;7,14%;4
SECAO;Macaé;254;CENTRO;"E.M. MARIA DAS GRAÇAS";048;27;6,43%;5
SECAO;Macaé;109;AROEIRAS;"E.E. DR. CARLOS NUNES";051;26;6,19%;4
SECAO;Macaé;109;PARQUE AEROPORTO;"E.E. JOSÉ DA SILVA";022;25;5,95%;7
SECAO;Macaé;254;JARDIM SÃO JOSÉ;"COLÉGIO MUNICIPAL MARIA DAS GRAÇAS";070;24;5,71%;3
SECAO;Macaé;109;PARQUE SÃO JOSÉ;"ESCOLA ESTADUAL ANTÔNIO PEREIRA";053;23;5,48%;4
SECAO;Macaé;254;ALTO SÃO JOSÉ;"C.M. ANTÔNIO PEREIRA";074;23;5,48%;7
SECAO;Macaé;109;NOVA SÃO JOSÉ;"EMEI PROFª LÚCIA MOTA";055;22;5,24%;5
SECAO;Macaé;254;AROEIRAS;"EMEI MARIA DAS GRAÇAS";068;21;5,00%;7
SECAO;Macaé;254;VILA SANTA ROSA;"COLÉGIO MUNICIPAL ANTÔNIO PEREIRA";077;20;4,76%;6
SECAO;Macaé;109;JARDIM SANTA ROSA;"E.M. DR. CARLOS NUNES";056;19;4,52%;8
SECAO;Macaé;254;PARQUE SANTA ROSA;"C.E. PADRE ANCHIETA";081;17;4,05%;5
SECAO;Macaé;109;ALTO SANTA ROSA;"E.E. PADRE ANCHIETA";058;16;3,81%;6
SECAO;Macaé;254;NOVA SANTA ROSA;"CIEP 124 – NOVA SANTA ROSA";082;14;3,33%;8
SECAO;Macaé;109;PARQUE AEROPORTO;"COLÉGIO MUNICIPAL PROFª LÚCIA MOTA";032;13;3,10%;8
SECAO;Macaé;109;VILA AMÉRICA;"COLÉGIO MUNICIPAL DR. CARLOS NUNES";059;13;3,10%;5
SECAO;Macaé;254;JARDIM AMÉRICA;"ESCOLA ESTADUAL SÃO FRANCISCO";086;13;3,10%;9
SECAO;Macaé;109;PARQUE AMÉRICA;"C.M. DR. CARLOS NUNES";061;12;2,86%;8
SECAO;Macaé;109;BARRA DE MACAÉ;"E.M. PROFª LÚCIA MOTA";043;9;2,14%;9
SECAO;Macaé;254;ALTO AMÉRICA;"E.M. PROF. JOÃO ROCHA";090;9;2,49%;9
SECAO;Macaé;109;NOVA AMÉRICA;"C.E. SÃO FRANCISCO";063;9;2,14%;11
SECAO;Macaé;254;VILA BOA VISTA;"EMEI DR. CARLOS NUNES";093;9;2,14%;12
SECAO;Macaé;109;JARDIM BOA VISTA;"ESCOLA ESTADUAL PROF. JOÃO ROCHA";064;8;1,90%;11
SECAO;Macaé;254;PARQUE BOA VISTA;"C.M. PROF. JOÃO ROCHA";094;7;2,25%;9
SECAO;Macaé;109;ALTO BOA VISTA;"E.M. SÃO FRANCISCO";067;7;1,67%;10
SECAO;Macaé;254;NOVA BOA VISTA;"EMEI DONA ROSA";096;7;1,67%;11
SECAO;Macaé;109;VILA ESPERANÇA;"COLÉGIO MUNICIPAL SÃO FRANCISCO";071;7;1,67%;10
SECAO;Macaé;254;JARDIM ESPERANÇA;"E.M. DONA ROSA";100;6;1,43%;14
SECAO;Macaé;109;PARQUE ESPERANÇA;"E.E. DONA ROSA";074;6;1,43%;14
SECAO;Macaé;254;ALTO ESPERANÇA;"CIEP 145 – ALTO ESPERANÇA";103;6;1,43%;11
SECAO;Macaé;109;NOVA ESPERANÇA;"COLÉGIO MUNICIPAL TIRADENTES";075;5;1,23%;14
SECAO;Macaé;254;VILA SANTO ANTÔNIO;"ESCOLA ESTADUAL TIRADENTES";104;4;0,95%;18
SECAO;Macaé;254;JARDIM SANTO ANTÔNIO;"C.M. TIRADENTES";106;4;1,21%;13
SECAO;Macaé;109;PARQUE SANTO ANTÔNIO;"E.M. TIRADENTES";079;4;1,23%;16
SECAO;Macaé;254;ALTO SANTO ANTÔNIO;"C.E. MONTEIRO LOBATO";108;4;2,40%;7
SECAO;Macaé;109;NOVA SANTO ANTÔNIO;"E.E. PROF. JOÃO ROCHA";082;4;1,34%;15
SECAO;Macaé;254;VILA SÃO JORGE;"EMEI MONTEIRO LOBATO";112;2;1,13%;13
SECAO;Macaé;109;VILA SÃO JORGE;"EMEI MONTEIRO LOBATO";084;2;1,33%;12
MUNICIPIO;Itaperuna;;;;;1410;2,44%;6
ZONA;Itaperuna;162;;;;1410;2,44%;6
BAIRRO;Itaperuna;;CENTRO;;;440;2,75%;8
BAIRRO;Itaperuna;;CEHAB;;;344;2,52%;8
BAIRRO;Itaperuna;;NITERÓI;;;190;3,48%;4
BAIRRO;Itaperuna;;CIDADE NOVA;;;154;2,08%;5
BAIRRO;Itaperuna;;JARDIM SÃO JOSÉ;;;24;3,43%;3
BAIRRO;Itaperuna;;PARQUE SÃO JOSÉ;;;23;3,29%;7
BAIRRO;Itaperuna;;ALTO SÃO JOSÉ;;;23;3,29%;3
BAIRRO;Itaperuna;;NOVA SÃO JOSÉ;;;23;3,29%;4
BAIRRO;Itaperuna;;VILA SANTA ROSA;;;21;3,00%;3
BAIRRO;Itaperuna;;JARDIM SANTA ROSA;;;19;2,71%;8
BAIRRO;Itaperuna;;PARQUE SANTA ROSA;;;17;2,43%;5
BAIRRO;Itaperuna;;ALTO SANTA ROSA;;;14;2,33%;5
BAIRRO;Itaperuna;;NOVA SANTA ROSA;;;12;1,71%;10
BAIRRO;Itaperuna;;VILA AMÉRICA;;;11;2,17%;5
BAIRRO;Itaperuna;;JARDIM AMÉRICA;;;11;1,57%;6
BAIRRO;Itaperuna;;PARQUE AMÉRICA;;;11;2,10%;5
BAIRRO;Itaperuna;;ALTO AMÉRICA;;;10;1,43%;9
BAIRRO;Itaperuna;;NOVA AMÉRICA;;;7;1,95%;5
BAIRRO;Itaperuna;;VILA BOA VISTA;;;7;1,07%;9
BAIRRO;Itaperuna;;JARDIM BOA VISTA;;;6;2,40%;7
BAIRRO;Itaperuna;;PARQUE BOA VISTA;;;5;2,00%;5
BAIRRO;Itaperuna;;ALTO BOA VISTA;;;5;0,82%;15
BAIRRO;Itaperuna;;NOVA BOA VISTA;;;5;1,82%;9
BAIRRO;Itaperuna;;VILA ESPERANÇA;;;4;1,60%;7
BAIRRO;Itaperuna;;JARDIM ESPERANÇA;;;4;1,60%;10
BAIRRO;Itaperuna;;PARQUE ESPERANÇA;;;4;1,26%;12
BAIRRO;Itaperuna;;ALTO ESPERANÇA;;;4;1,60%;7
BAIRRO;Itaperuna;;NOVA ESPERANÇA;;;4;1,60%;6
BAIRRO;Itaperuna;;VILA SANTO ANTÔNIO;;;4;0,74%;16
BAIRRO;Itaperuna;;JARDIM SANTO ANTÔNIO;;;4;1,60%;7
LOCAL;Itaperuna;162;CENTRO;"C.E. VALE DO MURIAÉ";;224;3,58%;5
LOCAL;Itaperuna;162;CENTRO;"E.M. PROFª LÚCIA MOTA";;130;10,32%;3
LOCAL;Itaperuna;162;CEHAB;"E.E. MARIA DAS GRAÇAS";;130;10,32%;4
LOCAL;Itaperuna;162;CIDADE NOVA;"C.E. DR. CARLOS NUNES";;128;10,16%;2
LOCAL;Itaperuna;162;NITERÓI;"C.M. ANTÔNIO PEREIRA";;124;9,84%;4
LOCAL;Itaperuna;162;CEHAB;"CIEP 103 – CEHAB";;104;8,25%;4
LOCAL;Itaperuna;162;CENTRO;"C.E. JOSÉ DA SILVA";;86;10,24%;3
LOCAL;Itaperuna;162;CEHAB;"COLÉGIO MUNICIPAL MARIA DAS GRAÇAS";;80;9,52%;1
LOCAL;Itaperuna;162;NITERÓI;"E.M. DR. CARLOS NUNES";;66;8,65%;1
LOCAL;Itaperuna;162;CEHAB;"ESCOLA ESTADUAL PROFª LÚCIA MOTA";;30;7,14%;1
LOCAL;Itaperuna;162;CIDADE NOVA;"E.E. DR. CARLOS NUNES";;26;6,19%;1
LOCAL;Itaperuna;162;JARDIM SÃO JOSÉ;"EMEI ANTÔNIO PEREIRA";;24;5,71%;5
LOCAL;Itaperuna;162;PARQUE SÃO JOSÉ;"ESCOLA ESTADUAL ANTÔNIO PEREIRA";;23;5,48%;3
LOCAL;Itaperuna;162;ALTO SÃO JOSÉ;"E.M. SÃO FRANCISCO";;23;5,48%;4
LOCAL;Itaperuna;162;NOVA SÃO JOSÉ;"C.E. PROFª LÚCIA MOTA";;23;5,48%;4
LOCAL;Itaperuna;162;VILA SANTA ROSA;"E.E. ANTÔNIO PEREIRA";;21;5,00%;6
LOCAL;Itaperuna;162;JARDIM SANTA ROSA;"EMEI DR. CARLOS NUNES";;19;4,52%;4
LOCAL;Itaperuna;162;PARQUE SANTA ROSA;"COLÉGIO MUNICIPAL SÃO FRANCISCO";;17;4,05%;5
LOCAL;Itaperuna;162;ALTO SANTA ROSA;"ESCOLA ESTADUAL SÃO FRANCISCO";;14;3,89%;6
LOCAL;Itaperuna;162;NOVA SANTA ROSA;"C.M. DR. CARLOS NUNES";;12;2,86%;4
LOCAL;Itaperuna;162;VILA AMÉRICA;"C.E. SÃO FRANCISCO";;11;3,62%;5
LOCAL;Itaperuna;162;JARDIM AMÉRICA;"CIEP 124 – JARDIM AMÉRICA";;11;2,62%;7
LOCAL;Itaperuna;162;PARQUE AMÉRICA;"COLÉGIO MUNICIPAL PADRE ANCHIETA";;11;3,50%;5
LOCAL;Itaperuna;162;ALTO AMÉRICA;"ESCOLA ESTADUAL DR. CARLOS NUNES";;10;2,38%;7
LOCAL;Itaperuna;162;NOVA AMÉRICA;"C.M. PADRE ANCHIETA";;7;3,26%;7
LOCAL;Itaperuna;162;VILA BOA VISTA;"E.M. PADRE ANCHIETA";;7;1,78%;7
LOCAL;Itaperuna;162;JARDIM BOA VISTA;"C.E. PADRE ANCHIETA";;6;4,00%;2
LOCAL;Itaperuna;162;PARQUE BOA VISTA;"E.E. PROF. JOÃO ROCHA";;5;3,33%;7
LOCAL;Itaperuna;162;ALTO BOA VISTA;"EMEI SÃO FRANCISCO";;5;1,36%;11
LOCAL;Itaperuna;162;NOVA BOA VISTA;"COLÉGIO MUNICIPAL PROF. JOÃO ROCHA";;5;3,03%;6
LOCAL;Itaperuna;162;VILA ESPERANÇA;"E.M. PROF. JOÃO ROCHA";;4;2,67%;4
LOCAL;Itaperuna;162;JARDIM ESPERANÇA;"E.E. DONA ROSA";;4;2,67%;8
LOCAL;Itaperuna;162;PARQUE ESPERANÇA;"EMEI PROF. JOÃO ROCHA";;4;2,11%;8
LOCAL;Itaperuna;162;ALTO ESPERANÇA;"ESCOLA ESTADUAL PROF. JOÃO ROCHA";;4;2,67%;7
LOCAL;Itaperuna;162;NOVA ESPERANÇA;"C.M. SÃO FRANCISCO";;4;2,67%;6
LOCAL;Itaperuna;162;VILA SANTO ANTÔNIO;"E.M. TIRADENTES";;4;1,23%;11
LOCAL;Itaperuna;162;JARDIM SANTO ANTÔNIO;"C.E. PROF. JOÃO ROCHA";;4;2,67%;7
SECAO;Itaperuna;162;CENTRO;"C.E. VALE DO MURIAÉ";028;49;11,67%;1
SECAO;Itaperuna;162;CENTRO;"C.E. VALE DO MURIAÉ";030;49;11,67%;3
SECAO;Itaperuna;162;CENTRO;"C.E. VALE DO MURIAÉ";032;49;11,67%;3
SECAO;Itaperuna;162;CENTRO;"E.M. PROFª LÚCIA MOTA";041;49;11,67%;1
SECAO;Itaperuna;162;CENTRO;"E.M. PROFª LÚCIA MOTA";044;49;11,67%;1
SECAO;Itaperuna;162;CENTRO;"C.E. JOSÉ DA SILVA";047;49;11,67%;3
SECAO;Itaperuna;162;CEHAB;"E.E. MARIA DAS GRAÇAS";052;49;11,67%;1
SECAO;Itaperuna;162;CEHAB;"E.E. MARIA DAS GRAÇAS";054;49;11,67%;1
SECAO;Itaperuna;162;CEHAB;"CIEP 103 – CEHAB";059;49;11,67%;2
SECAO;Itaperuna;162;CEHAB;"COLÉGIO MUNICIPAL MARIA DAS GRAÇAS";065;49;11,67%;3
SECAO;Itaperuna;162;NITERÓI;"C.M. ANTÔNIO PEREIRA";072;49;11,67%;1
SECAO;Itaperuna;162;NITERÓI;"C.M. ANTÔNIO PEREIRA";074;49;11,67%;1
SECAO;Itaperuna;162;NITERÓI;"E.M. DR. CARLOS NUNES";079;49;11,67%;2
SECAO;Itaperuna;162;CIDADE NOVA;"C.E. DR. CARLOS NUNES";087;49;11,67%;4
SECAO;Itaperuna;162;CIDADE NOVA;"C.E. DR. CARLOS NUNES";088;49;11,67%;1
SECAO;Itaperuna;162;CENTRO;"C.E. VALE DO MURIAÉ";036;48;11,43%;2
SECAO;Itaperuna;162;CENTRO;"C.E. JOSÉ DA SILVA";049;37;8,81%;2
SECAO;Itaperuna;162;CENTRO;"E.M. PROFª LÚCIA MOTA";046;32;7,62%;1
SECAO;Itaperuna;162;CEHAB;"E.E. MARIA DAS GRAÇAS";057;32;7,62%;3
SECAO;Itaperuna;162;CEHAB;"COLÉGIO MUNICIPAL MARIA DAS GRAÇAS";069;31;7,38%;5
SECAO;Itaperuna;162;CEHAB;"CIEP 103 – CEHAB";061;30;7,14%;4
SECAO;Itaperuna;162;CEHAB;"ESCOLA ESTADUAL PROFª LÚCIA MOTA";070;30;7,14%;3
SECAO;Itaperuna;162;CIDADE NOVA;"C.E. DR. CARLOS NUNES";091;30;7,14%;4
SECAO;Itaperuna;162;CENTRO;"C.E. VALE DO MURIAÉ";038;29;6,90%;2
SECAO;Itaperuna;162;NITERÓI;"C.M. ANTÔNIO PEREIRA";078;26;6,19%;2
SECAO;Itaperuna;162;CIDADE NOVA;"E.E. DR. CARLOS NUNES";095;26;6,19%;1
SECAO;Itaperuna;162;CEHAB;"CIEP 103 – CEHAB";062;25;5,95%;2
SECAO;Itaperuna;162;JARDIM SÃO JOSÉ;"EMEI ANTÔNIO PEREIRA";098;24;5,71%;5
SECAO;Itaperuna;162;PARQUE SÃO JOSÉ;"ESCOLA ESTADUAL ANTÔNIO PEREIRA";099;23;5,48%;3
SECAO;Itaperuna;162;ALTO SÃO JOSÉ;"E.M. SÃO FRANCISCO";101;23;5,48%;1
SECAO;Itaperuna;162;NOVA SÃO JOSÉ;"C.E. PROFª LÚCIA MOTA";104;23;5,48%;3
SECAO;Itaperuna;162;VILA SANTA ROSA;"E.E. ANTÔNIO PEREIRA";107;21;5,00%;2
SECAO;Itaperuna;162;JARDIM SANTA ROSA;"EMEI DR. CARLOS NUNES";108;19;4,52%;5
SECAO;Itaperuna;162;NITERÓI;"E.M. DR. CARLOS NUNES";083;17;4,96%;4
SECAO;Itaperuna;162;PARQUE SANTA ROSA;"COLÉGIO MUNICIPAL SÃO FRANCISCO";109;17;4,05%;6
SECAO;Itaperuna;162;ALTO SANTA ROSA;"ESCOLA ESTADUAL SÃO FRANCISCO";110;14;3,89%;5
SECAO;Itaperuna;162;NOVA SANTA ROSA;"C.M. DR. CARLOS NUNES";112;12;2,86%;7
SECAO;Itaperuna;162;VILA AMÉRICA;"C.E. SÃO FRANCISCO";116;11;3,62%;4
SECAO;Itaperuna;162;JARDIM AMÉRICA;"CIEP 124 – JARDIM AMÉRICA";117;11;2,62%;4
SECAO;Itaperuna;162;PARQUE AMÉRICA;"COLÉGIO MUNICIPAL PADRE ANCHIETA";120;11;3,50%;7
SECAO;Itaperuna;162;ALTO AMÉRICA;"ESCOLA ESTADUAL DR. CARLOS NUNES";123;10;2,38%;4
SECAO;Itaperuna;162;NOVA AMÉRICA;"C.M. PADRE ANCHIETA";127;7;3,26%;3
SECAO;Itaperuna;162;VILA BOA VISTA;"E.M. PADRE ANCHIETA";128;7;1,78%;8
SECAO;Itaperuna;162;JARDIM BOA VISTA;"C.E. PADRE ANCHIETA";130;6;4,00%;4
SECAO;Itaperuna;162;PARQUE BOA VISTA;"E.E. PROF. JOÃO ROCHA";134;5;3,33%;4
SECAO;Itaperuna;162;ALTO BOA VISTA;"EMEI SÃO FRANCISCO";135;5;1,36%;8
SECAO;Itaperuna;162;NOVA BOA VISTA;"COLÉGIO MUNICIPAL PROF. JOÃO ROCHA";139;5;3,03%;3
SECAO;Itaperuna;162;VILA ESPERANÇA;"E.M. PROF. JOÃO ROCHA";143;4;2,67%;6
SECAO;Itaperuna;162;JARDIM ESPERANÇA;"E.E. DONA ROSA";145;4;2,67%;7
SECAO;Itaperuna;162;PARQUE ESPERANÇA;"EMEI PROF. JOÃO ROCHA";148;4;2,11%;8
SECAO;Itaperuna;162;ALTO ESPERANÇA;"ESCOLA ESTADUAL PROF. JOÃO ROCHA";152;4;2,67%;7
SECAO;Itaperuna;162;NOVA ESPERANÇA;"C.M. SÃO FRANCISCO";154;4;2,67%;6
SECAO;Itaperuna;162;VILA SANTO ANTÔNIO;"E.M. TIRADENTES";158;4;1,23%;8
SECAO;Itaperuna;162;JARDIM SANTO ANTÔNIO;"C.E. PROF. JOÃO ROCHA";161;4;2,67%;6
MUNICIPIO;Rio de Janeiro;;;;;1290;0,04%;212
ZONA;Rio de Janeiro;001;;;;59;0,05%;174
ZONA;Rio de Janeiro;002;;;;57;0,04%;203
ZONA;Rio de Janeiro;003;;;;55;0,03%;248
ZONA;Rio de Janeiro;004;;;;50;0,03%;260
ZONA;Rio de Janeiro;005;;;;49;0,04%;231
ZONA;Rio de Janeiro;006;;;;46;0,06%;163
ZONA;Rio de Janeiro;007;;;;43;0,03%;275
ZONA;Rio de Janeiro;008;;;;41;0,04%;214
ZONA;Rio de Janeiro;009;;;;41;0,02%;340
ZONA;Rio de Janeiro;010;;;;40;0,02%;338
ZONA;Rio de Janeiro;011;;;;40;0,04%;231
ZONA;Rio de Janeiro;012;;;;39;0,02%;325
ZONA;Rio de Janeiro;013;;;;37;0,05%;186
ZONA;Rio de Janeiro;014;;;;35;0,04%;208
ZONA;Rio de Janeiro;015;;;;35;0,05%;176
ZONA;Rio de Janeiro;016;;;;34;0,05%;174
ZONA;Rio de Janeiro;017;;;;33;0,04%;226
ZONA;Rio de Janeiro;018;;;;32;0,05%;185
ZONA;Rio de Janeiro;019;;;;31;0,03%;283
ZONA;Rio de Janeiro;020;;;;30;0,03%;283
ZONA;Rio de Janeiro;021;;;;30;0,03%;288
ZONA;Rio de Janeiro;022;;;;28;0,04%;202
ZONA;Rio de Janeiro;023;;;;26;0,02%;304
ZONA;Rio de Janeiro;024;;;;25;0,06%;163
ZONA;Rio de Janeiro;025;;;;24;0,05%;172
ZONA;Rio de Janeiro;026;;;;23;0,06%;160
ZONA;Rio de Janeiro;028;;;;21;0,05%;195
ZONA;Rio de Janeiro;029;;;;21;0,04%;195
ZONA;Rio de Janeiro;030;;;;20;0,06%;167
ZONA;Rio de Janeiro;031;;;;18;0,05%;194
ZONA;Rio de Janeiro;032;;;;17;0,05%;170
ZONA;Rio de Janeiro;033;;;;16;0,02%;342
ZONA;Rio de Janeiro;034;;;;16;0,04%;204
ZONA;Rio de Janeiro;035;;;;15;0,04%;229
ZONA;Rio de Janeiro;037;;;;14;0,03%;255
ZONA;Rio de Janeiro;038;;;;13;0,02%;304
ZONA;Rio de Janeiro;039;;;;13;0,04%;208
ZONA;Rio de Janeiro;040;;;;12;0,05%;171
ZONA;Rio de Janeiro;041;;;;12;0,05%;178
ZONA;Rio de Janeiro;042;;;;11;0,06%;161
ZONA;Rio de Janeiro;043;;;;11;0,03%;251
ZONA;Rio de Janeiro;044;;;;11;0,05%;190
ZONA;Rio de Janeiro;045;;;;11;0,06%;168
ZONA;Rio de Janeiro;046;;;;10;0,04%;229
ZONA;Rio de Janeiro;047;;;;9;0,05%;172
ZONA;Rio de Janeiro;048;;;;9;0,02%;308
ZONA;Rio de Janeiro;049;;;;9;0,04%;197
ZONA;Rio de Janeiro;050;;;;9;0,05%;190
ZONA;Rio de Janeiro;051;;;;9;0,05%;186
BAIRRO;Rio de Janeiro;;CAMPO GRANDE;;;83;3,95%;9
BAIRRO;Rio de Janeiro;;BANGU;;;77;3,67%;11
BAIRRO;Rio de Janeiro;;TIJUCA;;;73;5,21%;9
BAIRRO;Rio de Janeiro;;COPACABANA;;;69;4,93%;5
BAIRRO;Rio de Janeiro;;MADUREIRA;;;66;0,96%;22
BAIRRO;Rio de Janeiro;;IRAJÁ;;;62;4,43%;9
BAIRRO;Rio de Janeiro;;SANTA CRUZ;;;62;4,43%;6
BAIRRO;Rio de Janeiro;;REALENGO;;;52;1,24%;19
BAIRRO;Rio de Janeiro;;BOTAFOGO;;;47;6,71%;7
BAIRRO;Rio de Janeiro;;MÉIER;;;45;6,43%;4
BAIRRO;Rio de Janeiro;;JACAREPAGUÁ;;;44;6,29%;5
BAIRRO;Rio de Janeiro;;PAVUNA;;;43;6,14%;5
BAIRRO;Rio de Janeiro;;PENHA;;;38;5,43%;8
BAIRRO;Rio de Janeiro;;BARRA DA TIJUCA;;;35;5,00%;7
BAIRRO;Rio de Janeiro;;RECREIO;;;35;5,00%;5
BAIRRO;Rio de Janeiro;;CENTRO;;;35;5,00%;7
BAIRRO;Rio de Janeiro;;GRAJAÚ;;;35;5,00%;6
BAIRRO;Rio de Janeiro;;VILA ISABEL;;;33;0,45%;37
BAIRRO;Rio de Janeiro;;LEBLON;;;33;0,56%;33
BAIRRO;Rio de Janeiro;;IPANEMA;;;27;3,86%;9
BAIRRO;Rio de Janeiro;;FLAMENGO;;;23;3,29%;10
BAIRRO;Rio de Janeiro;;LARANJEIRAS;;;23;3,29%;11
BAIRRO;Rio de Janeiro;;MARACANÃ;;;22;1,57%;16
BAIRRO;Rio de Janeiro;;ENGENHO NOVO;;;19;2,71%;13
BAIRRO;Rio de Janeiro;;CASCADURA;;;18;2,57%;11
BAIRRO;Rio de Janeiro;;BENFICA;;;16;2,29%;10
BAIRRO;Rio de Janeiro;;BONSUCESSO;;;15;2,14%;12
BAIRRO;Rio de Janeiro;;RAMOS;;;15;2,14%;11
BAIRRO;Rio de Janeiro;;OLARIA;;;14;2,00%;13
BAIRRO;Rio de Janeiro;;ILHA DO GOVERNADOR;;;14;2,00%;15
BAIRRO;Rio de Janeiro;;TAQUARA;;;14;1,00%;21
BAIRRO;Rio de Janeiro;;FREGUESIA;;;14;1,00%;24
BAIRRO;Rio de Janeiro;;ANCHIETA;;;14;1,00%;22
BAIRRO;Rio de Janeiro;;GUADALUPE;;;13;1,86%;15
BAIRRO;Rio de Janeiro;;ROCHA MIRANDA;;;13;1,86%;14
BAIRRO;Rio de Janeiro;;VAZ LOBO;;;13;0,93%;25
BAIRRO;Rio de Janeiro;;PIEDADE;;;12;1,71%;14
BAIRRO;Rio de Janeiro;;ABOLIÇÃO;;;12;1,71%;15
BAIRRO;Rio de Janeiro;;PADRE MIGUEL;;;12;1,71%;16
LOCAL;Rio de Janeiro;001;IRAJÁ;"ESCOLA ESTADUAL DR. CARLOS NUNES";;47;11,19%;5
LOCAL;Rio de Janeiro;002;BOTAFOGO;"COLÉGIO MUNICIPAL SÃO FRANCISCO";;47;11,19%;2
LOCAL;Rio de Janeiro;003;MÉIER;"C.M. SÃO FRANCISCO";;45;10,71%;6
LOCAL;Rio de Janeiro;004;JACAREPAGUÁ;"C.E. PADRE ANCHIETA";;44;10,48%;3
LOCAL;Rio de Janeiro;005;PAVUNA;"CIEP 124 – PAVUNA";;43;10,24%;4
LOCAL;Rio de Janeiro;006;SANTA CRUZ;"E.M. DR. CARLOS NUNES";;40;9,52%;4
LOCAL;Rio de Janeiro;007;TIJUCA;"C.M. ANTÔNIO PEREIRA";;39;9,29%;3
LOCAL;Rio de Janeiro;008;PENHA;"C.M. DR. CARLOS NUNES";;38;9,05%;3
LOCAL;Rio de Janeiro;009;CAMPO GRANDE;"E.M. PROFª LÚCIA MOTA";;36;8,57%;6
LOCAL;Rio de Janeiro;010;COPACABANA;"C.E. PROFª LÚCIA MOTA";;35;8,33%;3
LOCAL;Rio de Janeiro;011;BARRA DA TIJUCA;"E.M. SÃO FRANCISCO";;35;8,33%;6
LOCAL;Rio de Janeiro;012;RECREIO;"C.E. PROF. JOÃO ROCHA";;35;8,33%;7
LOCAL;Rio de Janeiro;013;CENTRO;"EMEI PROF. JOÃO ROCHA";;35;8,33%;7
LOCAL;Rio de Janeiro;014;GRAJAÚ;"COLÉGIO MUNICIPAL PROF. JOÃO ROCHA";;35;8,33%;5
LOCAL;Rio de Janeiro;015;TIJUCA;"E.M. ANTÔNIO PEREIRA";;34;8,10%;7
LOCAL;Rio de Janeiro;016;COPACABANA;"E.E. DR. CARLOS NUNES";;34;8,10%;3
LOCAL;Rio de Janeiro;002;REALENGO;"E.E. SÃO FRANCISCO";;34;1,62%;16
LOCAL;Rio de Janeiro;017;MADUREIRA;"EMEI ANTÔNIO PEREIRA";;33;7,86%;5
LOCAL;Rio de Janeiro;009;MADUREIRA;"COLÉGIO MUNICIPAL DR. CARLOS NUNES";;33;0,89%;24
LOCAL;Rio de Janeiro;021;VILA ISABEL;"C.M. PADRE ANCHIETA";;33;0,74%;25
LOCAL;Rio de Janeiro;042;LEBLON;"EMEI PADRE ANCHIETA";;33;0,94%;21
LOCAL;Rio de Janeiro;018;BANGU;"CIEP 103 – BANGU";;29;6,90%;4
LOCAL;Rio de Janeiro;019;IPANEMA;"ESCOLA ESTADUAL DONA ROSA";;27;6,43%;5
LOCAL;Rio de Janeiro;020;BANGU;"COLÉGIO MUNICIPAL PROFª LÚCIA MOTA";;26;6,19%;6
LOCAL;Rio de Janeiro;021;CAMPO GRANDE;"C.E. ANTÔNIO PEREIRA";;24;5,71%;9
LOCAL;Rio de Janeiro;022;CAMPO GRANDE;"E.E. PROFª LÚCIA MOTA";;23;5,48%;6
LOCAL;Rio de Janeiro;023;FLAMENGO;"E.M. PROF. JOÃO ROCHA";;23;5,48%;5
LOCAL;Rio de Janeiro;024;LARANJEIRAS;"C.E. DONA ROSA";;23;5,48%;9
LOCAL;Rio de Janeiro;025;BANGU;"ESCOLA ESTADUAL ANTÔNIO PEREIRA";;22;5,24%;6
LOCAL;Rio de Janeiro;026;SANTA CRUZ;"C.E. DR. CARLOS NUNES";;22;5,24%;8
LOCAL;Rio de Janeiro;044;MARACANÃ;"E.E. PADRE ANCHIETA";;22;2,62%;13
LOCAL;Rio de Janeiro;028;ENGENHO NOVO;"CIEP 145 – ENGENHO NOVO";;19;4,52%;7
LOCAL;Rio de Janeiro;029;REALENGO;"EMEI SÃO FRANCISCO";;18;4,29%;8
LOCAL;Rio de Janeiro;030;CASCADURA;"COLÉGIO MUNICIPAL PADRE ANCHIETA";;18;4,29%;6
LOCAL;Rio de Janeiro;031;BENFICA;"ESCOLA ESTADUAL PADRE ANCHIETA";;16;3,81%;9
LOCAL;Rio de Janeiro;032;IRAJÁ;"C.M. MARIA DAS GRAÇAS";;15;3,57%;11
LOCAL;Rio de Janeiro;033;BONSUCESSO;"C.M. PROF. JOÃO ROCHA";;15;3,57%;8
LOCAL;Rio de Janeiro;034;RAMOS;"E.M. TIRADENTES";;15;3,57%;8
LOCAL;Rio de Janeiro;035;OLARIA;"C.E. MONTEIRO LOBATO";;14;3,33%;12
LOCAL;Rio de Janeiro;037;ILHA DO GOVERNADOR;"E.E. PROF. JOÃO ROCHA";;14;3,33%;11
LOCAL;Rio de Janeiro;046;TAQUARA;"EMEI TIRADENTES";;14;1,67%;14
LOCAL;Rio de Janeiro;048;FREGUESIA;"COLÉGIO MUNICIPAL MONTEIRO LOBATO";;14;1,67%;14
LOCAL;Rio de Janeiro;049;ANCHIETA;"ESCOLA ESTADUAL PROF. JOÃO ROCHA";;14;1,67%;18
LOCAL;Rio de Janeiro;038;GUADALUPE;"E.M. MONTEIRO LOBATO";;13;3,10%;10
LOCAL;Rio de Janeiro;039;ROCHA MIRANDA;"E.E. CECÍLIA MEIRELES";;13;3,10%;8
LOCAL;Rio de Janeiro;051;VAZ LOBO;"COLÉGIO MUNICIPAL TIRADENTES";;13;1,55%;18
LOCAL;Rio de Janeiro;001;PIEDADE;"ESCOLA ESTADUAL CECÍLIA MEIRELES";;12;2,86%;11
LOCAL;Rio de Janeiro;040;ABOLIÇÃO;"C.M. TIRADENTES";;12;2,86%;11
LOCAL;Rio de Janeiro;041;PADRE MIGUEL;"E.M. CECÍLIA MEIRELES";;12;2,86%;9
SECAO;Rio de Janeiro;001;IRAJÁ;"ESCOLA ESTADUAL DR. CARLOS NUNES";004;47;11,19%;5
SECAO;Rio de Janeiro;002;BOTAFOGO;"COLÉGIO MUNICIPAL SÃO FRANCISCO";031;47;11,19%;4
SECAO;Rio de Janeiro;003;MÉIER;"C.M. SÃO FRANCISCO";018;45;10,71%;5
SECAO;Rio de Janeiro;004;JACAREPAGUÁ;"C.E. PADRE ANCHIETA";012;44;10,48%;4
SECAO;Rio de Janeiro;005;PAVUNA;"CIEP 124 – PAVUNA";016;43;10,24%;3
SECAO;Rio de Janeiro;006;SANTA CRUZ;"E.M. DR. CARLOS NUNES";029;40;9,52%;7
SECAO;Rio de Janeiro;007;TIJUCA;"C.M. ANTÔNIO PEREIRA";013;39;9,29%;4
SECAO;Rio de Janeiro;008;PENHA;"C.M. DR. CARLOS NUNES";017;38;9,05%;5
SECAO;Rio de Janeiro;009;CAMPO GRANDE;"E.M. PROFª LÚCIA MOTA";006;36;8,57%;5
SECAO;Rio de Janeiro;010;COPACABANA;"C.E. PROFª LÚCIA MOTA";015;35;8,33%;7
SECAO;Rio de Janeiro;011;BARRA DA TIJUCA;"E.M. SÃO FRANCISCO";029;35;8,33%;6
SECAO;Rio de Janeiro;012;RECREIO;"C.E. PROF. JOÃO ROCHA";017;35;8,33%;5
SECAO;Rio de Janeiro;013;CENTRO;"EMEI PROF. JOÃO ROCHA";024;35;8,33%;5
SECAO;Rio de Janeiro;014;GRAJAÚ;"COLÉGIO MUNICIPAL PROF. JOÃO ROCHA";023;35;8,33%;5
SECAO;Rio de Janeiro;015;TIJUCA;"E.M. ANTÔNIO PEREIRA";014;34;8,10%;4
SECAO;Rio de Janeiro;016;COPACABANA;"E.E. DR. CARLOS NUNES";023;34;8,10%;7
SECAO;Rio de Janeiro;017;MADUREIRA;"EMEI ANTÔNIO PEREIRA";005;33;7,86%;5
SECAO;Rio de Janeiro;018;BANGU;"CIEP 103 – BANGU";027;29;6,90%;7
SECAO;Rio de Janeiro;019;IPANEMA;"ESCOLA ESTADUAL DONA ROSA";023;27;6,43%;6
SECAO;Rio de Janeiro;020;BANGU;"COLÉGIO MUNICIPAL PROFª LÚCIA MOTA";017;26;6,19%;5
SECAO;Rio de Janeiro;021;CAMPO GRANDE;"C.E. ANTÔNIO PEREIRA";013;24;5,71%;9
SECAO;Rio de Janeiro;022;CAMPO GRANDE;"E.E. PROFª LÚCIA MOTA";006;23;5,48%;6
SECAO;Rio de Janeiro;023;FLAMENGO;"E.M. PROF. JOÃO ROCHA";026;23;5,48%;6
SECAO;Rio de Janeiro;024;LARANJEIRAS;"C.E. DONA ROSA";007;23;5,48%;8
SECAO;Rio de Janeiro;025;BANGU;"ESCOLA ESTADUAL ANTÔNIO PEREIRA";021;22;5,24%;9
SECAO;Rio de Janeiro;026;SANTA CRUZ;"C.E. DR. CARLOS NUNES";016;22;5,24%;9
SECAO;Rio de Janeiro;028;ENGENHO NOVO;"CIEP 145 – ENGENHO NOVO";020;19;4,52%;10
SECAO;Rio de Janeiro;029;REALENGO;"EMEI SÃO FRANCISCO";011;18;4,29%;9
SECAO;Rio de Janeiro;030;CASCADURA;"COLÉGIO MUNICIPAL PADRE ANCHIETA";023;18;4,29%;9
SECAO;Rio de Janeiro;031;BENFICA;"ESCOLA ESTADUAL PADRE ANCHIETA";013;16;3,81%;11
SECAO;Rio de Janeiro;032;IRAJÁ;"C.M. MARIA DAS GRAÇAS";020;15;3,57%;9
SECAO;Rio de Janeiro;033;BONSUCESSO;"C.M. PROF. JOÃO ROCHA";011;15;3,57%;8
SECAO;Rio de Janeiro;034;RAMOS;"E.M. TIRADENTES";020;15;3,57%;7
SECAO;Rio de Janeiro;035;OLARIA;"C.E. MONTEIRO LOBATO";014;14;3,33%;9
SECAO;Rio de Janeiro;037;ILHA DO GOVERNADOR;"E.E. PROF. JOÃO ROCHA";024;14;3,33%;8
SECAO;Rio de Janeiro;038;GUADALUPE;"E.M. MONTEIRO LOBATO";017;13;3,10%;8
SECAO;Rio de Janeiro;039;ROCHA MIRANDA;"E.E. CECÍLIA MEIRELES";027;13;3,10%;10
SECAO;Rio de Janeiro;001;PIEDADE;"ESCOLA ESTADUAL CECÍLIA MEIRELES";007;12;2,86%;10
SECAO;Rio de Janeiro;040;ABOLIÇÃO;"C.M. TIRADENTES";007;12;2,86%;10
SECAO;Rio de Janeiro;041;PADRE MIGUEL;"E.M. CECÍLIA MEIRELES";019;12;2,86%;10
SECAO;Rio de Janeiro;044;MARACANÃ;"E.E. PADRE ANCHIETA";002;11;2,62%;11
SECAO;Rio de Janeiro;042;LEBLON;"EMEI PADRE ANCHIETA";009;11;2,62%;13
SECAO;Rio de Janeiro;043;LEBLON;"EMEI PADRE ANCHIETA";015;11;2,62%;11
SECAO;Rio de Janeiro;045;MARACANÃ;"E.E. PADRE ANCHIETA";022;11;2,62%;13
SECAO;Rio de Janeiro;002;REALENGO;"E.E. SÃO FRANCISCO";027;10;2,38%;11
SECAO;Rio de Janeiro;046;TAQUARA;"EMEI TIRADENTES";012;10;2,38%;11
SECAO;Rio de Janeiro;003;REALENGO;"E.E. SÃO FRANCISCO";021;10;2,38%;10
SECAO;Rio de Janeiro;049;ANCHIETA;"ESCOLA ESTADUAL PROF. JOÃO ROCHA";006;9;2,14%;12
SECAO;Rio de Janeiro;048;FREGUESIA;"COLÉGIO MUNICIPAL MONTEIRO LOBATO";022;9;2,14%;13
SECAO;Rio de Janeiro;051;VAZ LOBO;"COLÉGIO MUNICIPAL TIRADENTES";010;9;2,14%;15
SECAO;Rio de Janeiro;004;REALENGO;"E.E. SÃO FRANCISCO";015;6;1,43%;15
SECAO;Rio de Janeiro;005;REALENGO;"E.E. SÃO FRANCISCO";017;6;1,43%;18
SECAO;Rio de Janeiro;021;VILA ISABEL;"C.M. PADRE ANCHIETA";016;6;1,43%;15
SECAO;Rio de Janeiro;047;FREGUESIA;"COLÉGIO MUNICIPAL MONTEIRO LOBATO";030;5;1,19%;22
SECAO;Rio de Janeiro;009;MADUREIRA;"COLÉGIO MUNICIPAL DR. CARLOS NUNES";007;5;1,19%;21
SECAO;Rio de Janeiro;010;MADUREIRA;"COLÉGIO MUNICIPAL DR. CARLOS NUNES";016;5;1,19%;22
SECAO;Rio de Janeiro;011;MADUREIRA;"COLÉGIO MUNICIPAL DR. CARLOS NUNES";030;5;1,19%;19
SECAO;Rio de Janeiro;022;VILA ISABEL;"C.M. PADRE ANCHIETA";009;5;1,19%;21
SECAO;Rio de Janeiro;050;ANCHIETA;"ESCOLA ESTADUAL PROF. JOÃO ROCHA";030;5;1,19%;18
SECAO;Rio de Janeiro;006;MADUREIRA;"COLÉGIO MUNICIPAL DR. CARLOS NUNES";028;4;0,95%;22
SECAO;Rio de Janeiro;050;VAZ LOBO;"COLÉGIO MUNICIPAL TIRADENTES";027;4;0,95%;22
SECAO;Rio de Janeiro;007;MADUREIRA;"COLÉGIO MUNICIPAL DR. CARLOS NUNES";014;4;0,95%;24
SECAO;Rio de Janeiro;012;MADUREIRA;"COLÉGIO MUNICIPAL DR. CARLOS NUNES";020;4;0,95%;23
SECAO;Rio de Janeiro;019;VILA ISABEL;"C.M. PADRE ANCHIETA";024;4;0,95%;21
SECAO;Rio de Janeiro;020;VILA ISABEL;"C.M. PADRE ANCHIETA";018;4;0,95%;25
SECAO;Rio de Janeiro;047;TAQUARA;"EMEI TIRADENTES";031;4;0,95%;25
SECAO;Rio de Janeiro;018;VILA ISABEL;"C.M. PADRE ANCHIETA";029;3;0,71%;28
SECAO;Rio de Janeiro;008;MADUREIRA;"COLÉGIO MUNICIPAL DR. CARLOS NUNES";019;3;0,71%;29
SECAO;Rio de Janeiro;023;VILA ISABEL;"C.M. PADRE ANCHIETA";028;3;0,71%;28
SECAO;Rio de Janeiro;029;LEBLON;"EMEI PADRE ANCHIETA";014;2;0,48%;38
SECAO;Rio de Janeiro;006;REALENGO;"E.E. SÃO FRANCISCO";033;2;0,48%;38
SECAO;Rio de Janeiro;013;MADUREIRA;"COLÉGIO MUNICIPAL DR. CARLOS NUNES";028;2;0,48%;38
SECAO;Rio de Janeiro;024;VILA ISABEL;"C.M. PADRE ANCHIETA";008;2;0,48%;38
SECAO;Rio de Janeiro;025;VILA ISABEL;"C.M. PADRE ANCHIETA";023;2;0,48%;37
SECAO;Rio de Janeiro;028;VILA ISABEL;"C.M. PADRE ANCHIETA";023;2;0,48%;36
SECAO;Rio de Janeiro;030;LEBLON;"EMEI PADRE ANCHIETA";026;2;0,48%;36
SECAO;Rio de Janeiro;031;LEBLON;"EMEI PADRE ANCHIETA";017;2;0,48%;37
SECAO;Rio de Janeiro;032;LEBLON;"EMEI PADRE ANCHIETA";021;2;0,48%;39
SECAO;Rio de Janeiro;015;MADUREIRA;"COLÉGIO MUNICIPAL DR. CARLOS NUNES";016;1;0,30%;54
SECAO;Rio de Janeiro;026;VILA ISABEL;"C.M. PADRE ANCHIETA";018;1;0,30%;50
SECAO;Rio de Janeiro;029;VILA ISABEL;"C.M. PADRE ANCHIETA";016;1;0,30%;54
SECAO;Rio de Janeiro;033;LEBLON;"EMEI PADRE ANCHIETA";012;1;0,30%;50
SECAO;Rio de Janeiro;034;LEBLON;"EMEI PADRE ANCHIETA";021;1;0,30%;53
SECAO;Rio de Janeiro;035;LEBLON;"EMEI PADRE ANCHIETA";015;1;0,30%;53
MUNICIPIO;Quissamã;;;;;980;6,95%;3
ZONA;Quissamã;163;;;;980;6,95%;3
BAIRRO;Quissamã;;CENTRO;;;329;7,08%;2
BAIRRO;Quissamã;;ALTO ALEGRE;;;230;10,50%;2
BAIRRO;Quissamã;;CAXIAS;;;225;7,35%;3
BAIRRO;Quissamã;;JARDIM SÃO JOSÉ;;;25;8,57%;3
BAIRRO;Quissamã;;PARQUE SÃO JOSÉ;;;25;5,30%;4
BAIRRO;Quissamã;;ALTO SÃO JOSÉ;;;23;3,38%;5
BAIRRO;Quissamã;;NOVA SÃO JOSÉ;;;22;3,14%;5
BAIRRO;Quissamã;;VILA SANTA ROSA;;;18;2,70%;6
BAIRRO;Quissamã;;JARDIM SANTA ROSA;;;11;4,40%;4
BAIRRO;Quissamã;;PARQUE SANTA ROSA;;;10;4,00%;4
BAIRRO;Quissamã;;ALTO SANTA ROSA;;;10;4,00%;4
BAIRRO;Quissamã;;NOVA SANTA ROSA;;;8;3,20%;5
BAIRRO;Quissamã;;VILA AMÉRICA;;;7;2,80%;6
BAIRRO;Quissamã;;JARDIM AMÉRICA;;;6;2,40%;6
BAIRRO;Quissamã;;PARQUE AMÉRICA;;;6;2,40%;6
BAIRRO;Quissamã;;ALTO AMÉRICA;;;6;2,40%;6
BAIRRO;Quissamã;;NOVA AMÉRICA;;;5;2,00%;7
BAIRRO;Quissamã;;VILA BOA VISTA;;;5;2,00%;7
BAIRRO;Quissamã;;JARDIM BOA VISTA;;;5;2,00%;7
BAIRRO;Quissamã;;PARQUE BOA VISTA;;;4;1,60%;8
LOCAL;Quissamã;163;CENTRO;"E.M. CANAL CAMPOS–MACAÉ";;146;7,66%;3
LOCAL;Quissamã;163;CENTRO;"E.M. ANTÔNIO PEREIRA";;130;10,32%;2
LOCAL;Quissamã;163;ALTO ALEGRE;"E.E. PROFª LÚCIA MOTA";;130;11,49%;2
LOCAL;Quissamã;163;CAXIAS;"ESCOLA ESTADUAL PROFª LÚCIA MOTA";;130;10,49%;2
LOCAL;Quissamã;163;CAXIAS;"C.M. PROFª LÚCIA MOTA";;95;11,31%;2
LOCAL;Quissamã;163;ALTO ALEGRE;"CIEP 103 – ALTO ALEGRE";;72;11,39%;2
LOCAL;Quissamã;163;CENTRO;"C.E. PROFª LÚCIA MOTA";;53;9,03%;2
LOCAL;Quissamã;163;ALTO ALEGRE;"COLÉGIO MUNICIPAL MARIA DAS GRAÇAS";;28;9,56%;2
LOCAL;Quissamã;163;JARDIM SÃO JOSÉ;"C.E. MARIA DAS GRAÇAS";;25;14,29%;2
LOCAL;Quissamã;163;PARQUE SÃO JOSÉ;"EMEI PROFª LÚCIA MOTA";;25;8,83%;3
LOCAL;Quissamã;163;ALTO SÃO JOSÉ;"COLÉGIO MUNICIPAL PROFª LÚCIA MOTA";;23;5,64%;3
LOCAL;Quissamã;163;NOVA SÃO JOSÉ;"C.M. MARIA DAS GRAÇAS";;22;5,24%;4
LOCAL;Quissamã;163;VILA SANTA ROSA;"C.E. SÃO FRANCISCO";;18;4,50%;4
LOCAL;Quissamã;163;JARDIM SANTA ROSA;"E.E. ANTÔNIO PEREIRA";;11;7,33%;3
LOCAL;Quissamã;163;PARQUE SANTA ROSA;"C.M. DR. CARLOS NUNES";;10;6,67%;3
LOCAL;Quissamã;163;ALTO SANTA ROSA;"E.M. DR. CARLOS NUNES";;10;6,67%;3
LOCAL;Quissamã;163;NOVA SANTA ROSA;"E.E. PADRE ANCHIETA";;8;5,33%;4
LOCAL;Quissamã;163;VILA AMÉRICA;"CIEP 124 – VILA AMÉRICA";;7;4,67%;4
LOCAL;Quissamã;163;JARDIM AMÉRICA;"COLÉGIO MUNICIPAL SÃO FRANCISCO";;6;4,00%;4
LOCAL;Quissamã;163;PARQUE AMÉRICA;"ESCOLA ESTADUAL DR. CARLOS NUNES";;6;4,00%;4
LOCAL;Quissamã;163;ALTO AMÉRICA;"E.M. PADRE ANCHIETA";;6;4,00%;4
LOCAL;Quissamã;163;NOVA AMÉRICA;"C.E. DR. CARLOS NUNES";;5;3,33%;5
LOCAL;Quissamã;163;VILA BOA VISTA;"E.E. PROF. JOÃO ROCHA";;5;3,33%;5
LOCAL;Quissamã;163;JARDIM BOA VISTA;"EMEI PROF. JOÃO ROCHA";;5;3,33%;5
LOCAL;Quissamã;163;PARQUE BOA VISTA;"ESCOLA ESTADUAL PADRE ANCHIETA";;4;2,67%;6
SECAO;Quissamã;163;CENTRO;"E.M. CANAL CAMPOS–MACAÉ";006;49;11,67%;2
SECAO;Quissamã;163;CENTRO;"E.M. ANTÔNIO PEREIRA";014;49;11,67%;2
SECAO;Quissamã;163;CENTRO;"E.M. ANTÔNIO PEREIRA";018;49;11,67%;2
SECAO;Quissamã;163;ALTO ALEGRE;"E.E. PROFª LÚCIA MOTA";031;49;11,67%;2
SECAO;Quissamã;163;ALTO ALEGRE;"E.E. PROFª LÚCIA MOTA";033;49;13,88%;2
SECAO;Quissamã;163;ALTO ALEGRE;"CIEP 103 – ALTO ALEGRE";039;49;11,67%;2
SECAO;Quissamã;163;CAXIAS;"ESCOLA ESTADUAL PROFª LÚCIA MOTA";045;49;12,28%;2
SECAO;Quissamã;163;CAXIAS;"ESCOLA ESTADUAL PROFª LÚCIA MOTA";049;49;11,67%;2
SECAO;Quissamã;163;CAXIAS;"C.M. PROFª LÚCIA MOTA";054;49;11,67%;2
SECAO;Quissamã;163;CAXIAS;"C.M. PROFª LÚCIA MOTA";055;46;10,95%;2
SECAO;Quissamã;163;CENTRO;"E.M. CANAL CAMPOS–MACAÉ";009;44;10,48%;2
SECAO;Quissamã;163;CENTRO;"E.M. ANTÔNIO PEREIRA";022;32;7,62%;3
SECAO;Quissamã;163;ALTO ALEGRE;"E.E. PROFª LÚCIA MOTA";035;32;8,94%;3
SECAO;Quissamã;163;CAXIAS;"ESCOLA ESTADUAL PROFª LÚCIA MOTA";052;32;7,62%;3
SECAO;Quissamã;163;CENTRO;"C.E. PROFª LÚCIA MOTA";023;31;7,38%;3
SECAO;Quissamã;163;ALTO ALEGRE;"COLÉGIO MUNICIPAL MARIA DAS GRAÇAS";044;28;9,56%;2
SECAO;Quissamã;163;CENTRO;"E.M. CANAL CAMPOS–MACAÉ";011;27;12,16%;2
SECAO;Quissamã;163;CENTRO;"E.M. CANAL CAMPOS–MACAÉ";013;26;8,41%;3
SECAO;Quissamã;163;JARDIM SÃO JOSÉ;"C.E. MARIA DAS GRAÇAS";056;25;14,29%;2
SECAO;Quissamã;163;PARQUE SÃO JOSÉ;"EMEI PROFª LÚCIA MOTA";060;25;8,83%;3
SECAO;Quissamã;163;ALTO ALEGRE;"CIEP 103 – ALTO ALEGRE";040;23;10,85%;2
SECAO;Quissamã;163;ALTO SÃO JOSÉ;"COLÉGIO MUNICIPAL PROFª LÚCIA MOTA";064;23;5,64%;3
SECAO;Quissamã;163;CENTRO;"C.E. PROFª LÚCIA MOTA";027;22;13,17%;2
SECAO;Quissamã;163;NOVA SÃO JOSÉ;"C.M. MARIA DAS GRAÇAS";067;22;5,24%;4
SECAO;Quissamã;163;VILA SANTA ROSA;"C.E. SÃO FRANCISCO";071;18;4,50%;4
SECAO;Quissamã;163;JARDIM SANTA ROSA;"E.E. ANTÔNIO PEREIRA";072;11;7,33%;3
SECAO;Quissamã;163;PARQUE SANTA ROSA;"C.M. DR. CARLOS NUNES";073;10;6,67%;3
SECAO;Quissamã;163;ALTO SANTA ROSA;"E.M. DR. CARLOS NUNES";075;10;6,67%;3
SECAO;Quissamã;163;NOVA SANTA ROSA;"E.E. PADRE ANCHIETA";077;8;5,33%;4
SECAO;Quissamã;163;VILA AMÉRICA;"CIEP 124 – VILA AMÉRICA";080;7;4,67%;4
SECAO;Quissamã;163;JARDIM AMÉRICA;"COLÉGIO MUNICIPAL SÃO FRANCISCO";081;6;4,00%;4
SECAO;Quissamã;163;PARQUE AMÉRICA;"ESCOLA ESTADUAL DR. CARLOS NUNES";084;6;4,00%;4
SECAO;Quissamã;163;ALTO AMÉRICA;"E.M. PADRE ANCHIETA";088;6;4,00%;4
SECAO;Quissamã;163;NOVA AMÉRICA;"C.E. DR. CARLOS NUNES";092;5;3,33%;5
SECAO;Quissamã;163;VILA BOA VISTA;"E.E. PROF. JOÃO ROCHA";093;5;3,33%;5
SECAO;Quissamã;163;JARDIM BOA VISTA;"EMEI PROF. JOÃO ROCHA";095;5;3,33%;5
SECAO;Quissamã;163;PARQUE BOA VISTA;"ESCOLA ESTADUAL PADRE ANCHIETA";099;4;2,67%;6
MUNICIPIO;Cardoso Moreira;;;;;760;7,92%;2
ZONA;Cardoso Moreira;164;;;;760;7,92%;2
BAIRRO;Cardoso Moreira;;CENTRO;;;138;4,88%;3
BAIRRO;Cardoso Moreira;;JARDIM SÃO JOSÉ;;;81;4,94%;3
BAIRRO;Cardoso Moreira;;PARQUE SÃO JOSÉ;;;83;5,63%;3
BAIRRO;Cardoso Moreira;;ALTO SÃO JOSÉ;;;70;6,58%;2
BAIRRO;Cardoso Moreira;;NOVA SÃO JOSÉ;;;54;4,85%;3
BAIRRO;Cardoso Moreira;;VILA SANTA ROSA;;;52;5,19%;3
BAIRRO;Cardoso Moreira;;JARDIM SANTA ROSA;;;50;6,30%;2
BAIRRO;Cardoso Moreira;;PARQUE SANTA ROSA;;;46;4,76%;3
BAIRRO;Cardoso Moreira;;ALTO SANTA ROSA;;;33;4,71%;3
BAIRRO;Cardoso Moreira;;NOVA SANTA ROSA;;;28;5,23%;3
BAIRRO;Cardoso Moreira;;VILA AMÉRICA;;;25;3,75%;3
BAIRRO;Cardoso Moreira;;JARDIM AMÉRICA;;;22;8,80%;2
BAIRRO;Cardoso Moreira;;PARQUE AMÉRICA;;;21;8,40%;2
BAIRRO;Cardoso Moreira;;ALTO AMÉRICA;;;20;8,00%;2
BAIRRO;Cardoso Moreira;;NOVA AMÉRICA;;;19;5,07%;3
BAIRRO;Cardoso Moreira;;VILA BOA VISTA;;;18;3,47%;4
LOCAL;Cardoso Moreira;164;CENTRO;"C.E. RIBEIRÃO";;137;7,42%;1
LOCAL;Cardoso Moreira;164;PARQUE SÃO JOSÉ;"CIEP 103 – PARQUE SÃO JOSÉ";;54;7,94%;2
LOCAL;Cardoso Moreira;164;NOVA SÃO JOSÉ;"E.M. DR. CARLOS NUNES";;54;8,08%;2
LOCAL;Cardoso Moreira;164;JARDIM SÃO JOSÉ;"C.E. JOSÉ DA SILVA";;52;9,14%;2
LOCAL;Cardoso Moreira;164;VILA SANTA ROSA;"C.E. PROFª LÚCIA MOTA";;52;8,65%;2
LOCAL;Cardoso Moreira;164;JARDIM SANTA ROSA;"E.E. DR. CARLOS NUNES";;50;10,50%;2
LOCAL;Cardoso Moreira;164;PARQUE SANTA ROSA;"EMEI ANTÔNIO PEREIRA";;46;7,93%;2
LOCAL;Cardoso Moreira;164;ALTO SÃO JOSÉ;"ESCOLA ESTADUAL ANTÔNIO PEREIRA";;45;10,71%;2
LOCAL;Cardoso Moreira;164;ALTO SANTA ROSA;"COLÉGIO MUNICIPAL ANTÔNIO PEREIRA";;33;7,86%;2
LOCAL;Cardoso Moreira;164;JARDIM SÃO JOSÉ;"E.E. ANTÔNIO PEREIRA";;29;7,00%;2
LOCAL;Cardoso Moreira;164;PARQUE SÃO JOSÉ;"COLÉGIO MUNICIPAL MARIA DAS GRAÇAS";;29;14,22%;1
LOCAL;Cardoso Moreira;164;NOVA SANTA ROSA;"ESCOLA ESTADUAL MARIA DAS GRAÇAS";;28;8,72%;2
LOCAL;Cardoso Moreira;164;ALTO SÃO JOSÉ;"C.M. ANTÔNIO PEREIRA";;25;11,47%;2
LOCAL;Cardoso Moreira;164;VILA AMÉRICA;"C.M. PROFª LÚCIA MOTA";;25;6,25%;2
LOCAL;Cardoso Moreira;164;JARDIM AMÉRICA;"E.M. ANTÔNIO PEREIRA";;22;14,67%;1
LOCAL;Cardoso Moreira;164;PARQUE AMÉRICA;"EMEI PROFª LÚCIA MOTA";;21;14,00%;1
LOCAL;Cardoso Moreira;164;ALTO AMÉRICA;"C.M. DR. CARLOS NUNES";;20;13,33%;1
LOCAL;Cardoso Moreira;164;NOVA AMÉRICA;"E.M. PADRE ANCHIETA";;19;8,44%;2
LOCAL;Cardoso Moreira;164;VILA BOA VISTA;"C.E. PADRE ANCHIETA";;18;5,79%;2
LOCAL;Cardoso Moreira;164;CENTRO;"E.M. MARIA DAS GRAÇAS";;1;0,67%;11
SECAO;Cardoso Moreira;164;CENTRO;"C.E. RIBEIRÃO";004;49;11,67%;2
SECAO;Cardoso Moreira;164;ALTO SÃO JOSÉ;"ESCOLA ESTADUAL ANTÔNIO PEREIRA";031;45;10,71%;2
SECAO;Cardoso Moreira;164;CENTRO;"C.E. RIBEIRÃO";005;38;9,05%;2
SECAO;Cardoso Moreira;164;VILA SANTA ROSA;"C.E. PROFª LÚCIA MOTA";042;35;8,33%;2
SECAO;Cardoso Moreira;164;ALTO SANTA ROSA;"COLÉGIO MUNICIPAL ANTÔNIO PEREIRA";059;33;7,86%;2
SECAO;Cardoso Moreira;164;CENTRO;"C.E. RIBEIRÃO";008;31;9,01%;2
SECAO;Cardoso Moreira;164;NOVA SÃO JOSÉ;"E.M. DR. CARLOS NUNES";039;31;7,38%;2
SECAO;Cardoso Moreira;164;JARDIM SÃO JOSÉ;"E.E. ANTÔNIO PEREIRA";020;29;7,00%;2
SECAO;Cardoso Moreira;164;PARQUE SÃO JOSÉ;"CIEP 103 – PARQUE SÃO JOSÉ";024;29;9,73%;2
SECAO;Cardoso Moreira;164;PARQUE SÃO JOSÉ;"COLÉGIO MUNICIPAL MARIA DAS GRAÇAS";029;29;14,22%;1
SECAO;Cardoso Moreira;164;JARDIM SANTA ROSA;"E.E. DR. CARLOS NUNES";049;29;8,90%;2
SECAO;Cardoso Moreira;164;NOVA SANTA ROSA;"ESCOLA ESTADUAL MARIA DAS GRAÇAS";061;28;8,72%;2
SECAO;Cardoso Moreira;164;PARQUE SANTA ROSA;"EMEI ANTÔNIO PEREIRA";055;27;7,67%;2
SECAO;Cardoso Moreira;164;JARDIM SÃO JOSÉ;"C.E. JOSÉ DA SILVA";017;26;14,29%;1
SECAO;Cardoso Moreira;164;JARDIM SÃO JOSÉ;"C.E. JOSÉ DA SILVA";018;26;6,72%;2
SECAO;Cardoso Moreira;164;PARQUE SÃO JOSÉ;"CIEP 103 – PARQUE SÃO JOSÉ";028;25;6,54%;2
SECAO;Cardoso Moreira;164;ALTO SÃO JOSÉ;"C.M. ANTÔNIO PEREIRA";035;25;11,47%;2
SECAO;Cardoso Moreira;164;VILA AMÉRICA;"C.M. PROFª LÚCIA MOTA";062;25;6,25%;2
SECAO;Cardoso Moreira;164;NOVA SÃO JOSÉ;"E.M. DR. CARLOS NUNES";040;23;9,27%;2
SECAO;Cardoso Moreira;164;JARDIM AMÉRICA;"E.M. ANTÔNIO PEREIRA";065;22;14,67%;1
SECAO;Cardoso Moreira;164;JARDIM SANTA ROSA;"E.E. DR. CARLOS NUNES";053;21;14,00%;1
SECAO;Cardoso Moreira;164;PARQUE AMÉRICA;"EMEI PROFª LÚCIA MOTA";066;21;14,00%;1
SECAO;Cardoso Moreira;164;ALTO AMÉRICA;"C.M. DR. CARLOS NUNES";067;20;13,33%;1
SECAO;Cardoso Moreira;164;CENTRO;"C.E. RIBEIRÃO";012;19;5,23%;3
SECAO;Cardoso Moreira;164;PARQUE SANTA ROSA;"EMEI ANTÔNIO PEREIRA";057;19;8,33%;2
SECAO;Cardoso Moreira;164;NOVA AMÉRICA;"E.M. PADRE ANCHIETA";068;19;8,44%;2
SECAO;Cardoso Moreira;164;VILA BOA VISTA;"C.E. PADRE ANCHIETA";071;18;5,79%;2
SECAO;Cardoso Moreira;164;VILA SANTA ROSA;"C.E. PROFª LÚCIA MOTA";045;17;9,39%;2
SECAO;Cardoso Moreira;164;CENTRO;"E.M. MARIA DAS GRAÇAS";014;1;0,67%;11
MUNICIPIO;São Fidélis;;;;;705;3,08%;5
ZONA;São Fidélis;165;;;;705;3,08%;5
BAIRRO;São Fidélis;;CENTRO;;;177;4,72%;4
BAIRRO;São Fidélis;;JARDIM SÃO JOSÉ;;;36;5,14%;3
BAIRRO;São Fidélis;;PARQUE SÃO JOSÉ;;;98;3,65%;4
BAIRRO;São Fidélis;;ALTO SÃO JOSÉ;;;69;4,93%;4
BAIRRO;São Fidélis;;NOVA SÃO JOSÉ;;;65;4,64%;4
BAIRRO;São Fidélis;;VILA SANTA ROSA;;;49;3,50%;5
BAIRRO;São Fidélis;;JARDIM SANTA ROSA;;;45;3,21%;5
BAIRRO;São Fidélis;;PARQUE SANTA ROSA;;;37;5,29%;3
BAIRRO;São Fidélis;;ALTO SANTA ROSA;;;29;4,14%;4
BAIRRO;São Fidélis;;NOVA SANTA ROSA;;;27;3,86%;4
BAIRRO;São Fidélis;;VILA AMÉRICA;;;21;3,00%;5
BAIRRO;São Fidélis;;JARDIM AMÉRICA;;;21;3,10%;5
BAIRRO;São Fidélis;;PARQUE AMÉRICA;;;16;2,32%;6
BAIRRO;São Fidélis;;ALTO AMÉRICA;;;15;2,84%;5
LOCAL;São Fidélis;165;CENTRO;"E.M. PONTE VELHA";;176;2,50%;5
LOCAL;São Fidélis;165;PARQUE SÃO JOSÉ;"E.E. ANTÔNIO PEREIRA";;65;7,17%;3
LOCAL;São Fidélis;165;NOVA SÃO JOSÉ;"E.M. PROFª LÚCIA MOTA";;65;7,74%;3
LOCAL;São Fidélis;165;VILA SANTA ROSA;"C.E. DR. CARLOS NUNES";;49;5,83%;3
LOCAL;São Fidélis;165;JARDIM SANTA ROSA;"E.E. PROFª LÚCIA MOTA";;45;5,36%;3
LOCAL;São Fidélis;165;ALTO SÃO JOSÉ;"ESCOLA ESTADUAL PROFª LÚCIA MOTA";;43;10,24%;2
LOCAL;São Fidélis;165;PARQUE SANTA ROSA;"EMEI MARIA DAS GRAÇAS";;37;8,81%;2
LOCAL;São Fidélis;165;JARDIM SÃO JOSÉ;"C.E. JOSÉ DA SILVA";;36;8,57%;2
LOCAL;São Fidélis;165;ALTO SANTA ROSA;"COLÉGIO MUNICIPAL PROFª LÚCIA MOTA";;29;6,90%;3
LOCAL;São Fidélis;165;NOVA SANTA ROSA;"ESCOLA ESTADUAL DR. CARLOS NUNES";;27;6,43%;3
LOCAL;São Fidélis;165;ALTO SÃO JOSÉ;"C.M. MARIA DAS GRAÇAS";;26;6,19%;3
LOCAL;São Fidélis;165;VILA AMÉRICA;"C.M. DR. CARLOS NUNES";;21;5,00%;4
LOCAL;São Fidélis;165;JARDIM AMÉRICA;"EMEI SÃO FRANCISCO";;21;5,17%;3
LOCAL;São Fidélis;165;PARQUE SÃO JOSÉ;"CIEP 103 – PARQUE SÃO JOSÉ";;19;4,52%;4
LOCAL;São Fidélis;165;PARQUE AMÉRICA;"COLÉGIO MUNICIPAL ANTÔNIO PEREIRA";;16;3,87%;4
LOCAL;São Fidélis;165;ALTO AMÉRICA;"ESCOLA ESTADUAL ANTÔNIO PEREIRA";;15;4,73%;4
LOCAL;São Fidélis;165;PARQUE SÃO JOSÉ;"COLÉGIO MUNICIPAL JOSÉ DA SILVA";;14;4,90%;4
LOCAL;São Fidélis;165;CENTRO;"E.M. JOSÉ DA SILVA";;1;0,67%;15
SECAO;São Fidélis;165;CENTRO;"E.M. PONTE VELHA";010;49;11,67%;2
SECAO;São Fidélis;165;PARQUE SÃO JOSÉ;"E.E. ANTÔNIO PEREIRA";027;45;10,71%;2
SECAO;São Fidélis;165;CENTRO;"E.M. PONTE VELHA";013;43;10,24%;2
SECAO;São Fidélis;165;ALTO SÃO JOSÉ;"ESCOLA ESTADUAL PROFª LÚCIA MOTA";039;43;10,24%;2
SECAO;São Fidélis;165;VILA SANTA ROSA;"C.E. DR. CARLOS NUNES";046;42;10,00%;2
SECAO;São Fidélis;165;NOVA SÃO JOSÉ;"E.M. PROFª LÚCIA MOTA";044;41;9,76%;2
SECAO;São Fidélis;165;CENTRO;"E.M. PONTE VELHA";016;38;9,05%;2
SECAO;São Fidélis;165;PARQUE SANTA ROSA;"EMEI MARIA DAS GRAÇAS";061;37;8,81%;2
SECAO;São Fidélis;165;JARDIM SÃO JOSÉ;"C.E. JOSÉ DA SILVA";026;36;8,57%;2
SECAO;São Fidélis;165;ALTO SANTA ROSA;"COLÉGIO MUNICIPAL PROFª LÚCIA MOTA";065;29;6,90%;3
SECAO;São Fidélis;165;NOVA SANTA ROSA;"ESCOLA ESTADUAL DR. CARLOS NUNES";066;27;6,43%;3
SECAO;São Fidélis;165;CENTRO;"E.M. PONTE VELHA";018;26;6,19%;3
SECAO;São Fidélis;165;ALTO SÃO JOSÉ;"C.M. MARIA DAS GRAÇAS";041;26;6,19%;3
SECAO;São Fidélis;165;NOVA SÃO JOSÉ;"E.M. PROFª LÚCIA MOTA";045;24;5,71%;3
SECAO;São Fidélis;165;JARDIM SANTA ROSA;"E.E. PROFª LÚCIA MOTA";053;23;5,48%;3
SECAO;São Fidélis;165;JARDIM SANTA ROSA;"E.E. PROFª LÚCIA MOTA";057;22;5,24%;3
SECAO;São Fidélis;165;VILA AMÉRICA;"C.M. DR. CARLOS NUNES";067;21;5,00%;4
SECAO;São Fidélis;165;JARDIM AMÉRICA;"EMEI SÃO FRANCISCO";071;21;5,17%;3
SECAO;São Fidélis;165;CENTRO;"E.M. PONTE VELHA";022;20;4,76%;4
SECAO;São Fidélis;165;PARQUE SÃO JOSÉ;"CIEP 103 – PARQUE SÃO JOSÉ";036;19;4,52%;4
SECAO;São Fidélis;165;PARQUE AMÉRICA;"COLÉGIO MUNICIPAL ANTÔNIO PEREIRA";074;16;3,87%;4
SECAO;São Fidélis;165;ALTO AMÉRICA;"ESCOLA ESTADUAL ANTÔNIO PEREIRA";075;15;4,73%;4
SECAO;São Fidélis;165;PARQUE SÃO JOSÉ;"COLÉGIO MUNICIPAL JOSÉ DA SILVA";037;14;4,90%;4
SECAO;São Fidélis;165;PARQUE SÃO JOSÉ;"E.E. ANTÔNIO PEREIRA";030;11;3,44%;5
SECAO;São Fidélis;165;PARQUE SÃO JOSÉ;"E.E. ANTÔNIO PEREIRA";032;9;5,42%;3
SECAO;São Fidélis;165;VILA SANTA ROSA;"C.E. DR. CARLOS NUNES";049;7;1,67%;8
SECAO;São Fidélis;165;CENTRO;"E.M. JOSÉ DA SILVA";025;1;0,67%;15
MUNICIPIO;Niterói;;;;;640;0,22%;58
ZONA;Niterói;144;;;;209;0,32%;55
ZONA;Niterói;071;;;;174;0,27%;43
ZONA;Niterói;072;;;;137;0,19%;68
ZONA;Niterói;199;;;;120;0,18%;52
BAIRRO;Niterói;;CENTRO;;;107;3,82%;8
BAIRRO;Niterói;;JARDIM SÃO JOSÉ;;;90;4,29%;9
BAIRRO;Niterói;;PARQUE SÃO JOSÉ;;;64;4,57%;6
BAIRRO;Niterói;;ALTO SÃO JOSÉ;;;63;4,50%;9
BAIRRO;Niterói;;NOVA SÃO JOSÉ;;;53;3,79%;9
BAIRRO;Niterói;;VILA SANTA ROSA;;;52;3,71%;6
BAIRRO;Niterói;;JARDIM SANTA ROSA;;;47;3,36%;7
BAIRRO;Niterói;;PARQUE SANTA ROSA;;;44;3,14%;7
BAIRRO;Niterói;;ALTO SANTA ROSA;;;30;4,29%;9
BAIRRO;Niterói;;NOVA SANTA ROSA;;;29;4,14%;5
BAIRRO;Niterói;;VILA AMÉRICA;;;28;4,00%;6
BAIRRO;Niterói;;JARDIM AMÉRICA;;;18;1,29%;15
BAIRRO;Niterói;;PARQUE AMÉRICA;;;15;1,07%;18
LOCAL;Niterói;144;PARQUE SÃO JOSÉ;"ESCOLA ESTADUAL ANTÔNIO PEREIRA";;64;7,62%;7
LOCAL;Niterói;071;ALTO SÃO JOSÉ;"C.M. JOSÉ DA SILVA";;63;7,50%;7
LOCAL;Niterói;144;CENTRO;"E.M. ANTÔNIO PEREIRA";;57;6,79%;3
LOCAL;Niterói;072;NOVA SÃO JOSÉ;"E.M. MARIA DAS GRAÇAS";;53;6,31%;5
LOCAL;Niterói;199;VILA SANTA ROSA;"C.E. ANTÔNIO PEREIRA";;52;6,19%;5
LOCAL;Niterói;071;JARDIM SÃO JOSÉ;"CIEP 103 – JARDIM SÃO JOSÉ";;47;5,60%;5
LOCAL;Niterói;144;JARDIM SANTA ROSA;"E.E. PROFª LÚCIA MOTA";;47;5,60%;7
LOCAL;Niterói;072;PARQUE SANTA ROSA;"EMEI MARIA DAS GRAÇAS";;44;5,24%;6
LOCAL;Niterói;199;JARDIM SÃO JOSÉ;"COLÉGIO MUNICIPAL ANTÔNIO PEREIRA";;43;10,24%;4
LOCAL;Niterói;071;ALTO SANTA ROSA;"ESCOLA ESTADUAL DR. CARLOS NUNES";;30;7,14%;6
LOCAL;Niterói;144;NOVA SANTA ROSA;"C.M. DR. CARLOS NUNES";;29;6,90%;7
LOCAL;Niterói;072;CENTRO;"C.E. JOSÉ DA SILVA";;28;6,67%;6
LOCAL;Niterói;071;VILA AMÉRICA;"E.M. DR. CARLOS NUNES";;28;6,67%;6
LOCAL;Niterói;199;CENTRO;"E.E. JOSÉ DA SILVA";;22;5,24%;6
LOCAL;Niterói;144;JARDIM AMÉRICA;"C.E. PROFª LÚCIA MOTA";;18;2,14%;10
LOCAL;Niterói;072;PARQUE AMÉRICA;"E.E. ANTÔNIO PEREIRA";;15;1,79%;14
SECAO;Niterói;071;ALTO SÃO JOSÉ;"C.M. JOSÉ DA SILVA";017;47;11,19%;5
SECAO;Niterói;199;JARDIM SÃO JOSÉ;"COLÉGIO MUNICIPAL ANTÔNIO PEREIRA";009;43;10,24%;2
SECAO;Niterói;199;VILA SANTA ROSA;"C.E. ANTÔNIO PEREIRA";013;41;9,76%;2
SECAO;Niterói;144;PARQUE SÃO JOSÉ;"ESCOLA ESTADUAL ANTÔNIO PEREIRA";027;39;9,29%;2
SECAO;Niterói;144;CENTRO;"E.M. ANTÔNIO PEREIRA";023;36;8,57%;3
SECAO;Niterói;144;JARDIM SANTA ROSA;"E.E. PROFª LÚCIA MOTA";034;36;8,57%;2
SECAO;Niterói;072;PARQUE SANTA ROSA;"EMEI MARIA DAS GRAÇAS";031;36;8,57%;4
SECAO;Niterói;072;NOVA SÃO JOSÉ;"E.M. MARIA DAS GRAÇAS";028;34;8,10%;3
SECAO;Niterói;071;JARDIM SÃO JOSÉ;"CIEP 103 – JARDIM SÃO JOSÉ";012;32;7,62%;6
SECAO;Niterói;071;ALTO SANTA ROSA;"ESCOLA ESTADUAL DR. CARLOS NUNES";020;30;7,14%;7
SECAO;Niterói;144;NOVA SANTA ROSA;"C.M. DR. CARLOS NUNES";038;29;6,90%;7
SECAO;Niterói;072;CENTRO;"C.E. JOSÉ DA SILVA";027;28;6,67%;5
SECAO;Niterói;071;VILA AMÉRICA;"E.M. DR. CARLOS NUNES";024;28;6,67%;7
SECAO;Niterói;144;PARQUE SÃO JOSÉ;"ESCOLA ESTADUAL ANTÔNIO PEREIRA";031;25;5,95%;4
SECAO;Niterói;199;CENTRO;"E.E. JOSÉ DA SILVA";006;22;5,24%;5
SECAO;Niterói;144;CENTRO;"E.M. ANTÔNIO PEREIRA";026;21;5,00%;9
SECAO;Niterói;072;NOVA SÃO JOSÉ;"E.M. MARIA DAS GRAÇAS";030;19;4,52%;8
SECAO;Niterói;071;ALTO SÃO JOSÉ;"C.M. JOSÉ DA SILVA";018;16;3,81%;6
SECAO;Niterói;071;JARDIM SÃO JOSÉ;"CIEP 103 – JARDIM SÃO JOSÉ";015;15;3,57%;7
SECAO;Niterói;144;JARDIM AMÉRICA;"C.E. PROFª LÚCIA MOTA";041;12;2,86%;9
SECAO;Niterói;072;PARQUE AMÉRICA;"E.E. ANTÔNIO PEREIRA";036;12;2,86%;12
SECAO;Niterói;199;VILA SANTA ROSA;"C.E. ANTÔNIO PEREIRA";016;11;2,62%;11
SECAO;Niterói;144;JARDIM SANTA ROSA;"E.E. PROFª LÚCIA MOTA";036;11;2,62%;11
SECAO;Niterói;072;PARQUE SANTA ROSA;"EMEI MARIA DAS GRAÇAS";033;8;1,90%;13
SECAO;Niterói;071;JARDIM AMÉRICA;"C.E. PROFª LÚCIA MOTA";028;6;1,43%;15
SECAO;Niterói;199;PARQUE AMÉRICA;"E.E. ANTÔNIO PEREIRA";017;3;0,71%;27
MUNICIPIO;Bom Jesus do Itabapoana;;;;;590;2,68%;6
ZONA;Bom Jesus do Itabapoana;166;;;;590;2,68%;6
BAIRRO;Bom Jesus do Itabapoana;;CENTRO;;;123;4,39%;3
BAIRRO;Bom Jesus do Itabapoana;;JARDIM SÃO JOSÉ;;;106;4,19%;5
BAIRRO;Bom Jesus do Itabapoana;;PARQUE SÃO JOSÉ;;;99;3,88%;5
BAIRRO;Bom Jesus do Itabapoana;;ALTO SÃO JOSÉ;;;67;4,79%;2
BAIRRO;Bom Jesus do Itabapoana;;NOVA SÃO JOSÉ;;;38;5,43%;5
BAIRRO;Bom Jesus do Itabapoana;;VILA SANTA ROSA;;;28;4,00%;5
BAIRRO;Bom Jesus do Itabapoana;;JARDIM SANTA ROSA;;;28;4,00%;3
BAIRRO;Bom Jesus do Itabapoana;;PARQUE SANTA ROSA;;;26;3,71%;3
BAIRRO;Bom Jesus do Itabapoana;;ALTO SANTA ROSA;;;19;3,11%;6
BAIRRO;Bom Jesus do Itabapoana;;NOVA SANTA ROSA;;;19;2,71%;7
BAIRRO;Bom Jesus do Itabapoana;;VILA AMÉRICA;;;19;3,17%;5
BAIRRO;Bom Jesus do Itabapoana;;JARDIM AMÉRICA;;;18;2,57%;8
LOCAL;Bom Jesus do Itabapoana;166;CENTRO;"E.M. MARIA DAS GRAÇAS";;95;7,54%;2
LOCAL;Bom Jesus do Itabapoana;166;JARDIM SÃO JOSÉ;"E.E. JOSÉ DA SILVA";;73;6,65%;3
LOCAL;Bom Jesus do Itabapoana;166;PARQUE SÃO JOSÉ;"COLÉGIO MUNICIPAL JOSÉ DA SILVA";;73;6,56%;5
LOCAL;Bom Jesus do Itabapoana;166;ALTO SÃO JOSÉ;"C.M. JOSÉ DA SILVA";;67;7,98%;4
LOCAL;Bom Jesus do Itabapoana;166;NOVA SÃO JOSÉ;"E.M. ANTÔNIO PEREIRA";;38;9,05%;4
LOCAL;Bom Jesus do Itabapoana;166;JARDIM SÃO JOSÉ;"CIEP 103 – JARDIM SÃO JOSÉ";;33;7,86%;5
LOCAL;Bom Jesus do Itabapoana;166;CENTRO;"C.E. JOSÉ DA SILVA";;28;6,67%;5
LOCAL;Bom Jesus do Itabapoana;166;VILA SANTA ROSA;"C.E. MARIA DAS GRAÇAS";;28;6,67%;1
LOCAL;Bom Jesus do Itabapoana;166;JARDIM SANTA ROSA;"E.E. MARIA DAS GRAÇAS";;28;6,67%;3
LOCAL;Bom Jesus do Itabapoana;166;PARQUE SÃO JOSÉ;"ESCOLA ESTADUAL ANTÔNIO PEREIRA";;26;6,19%;4
LOCAL;Bom Jesus do Itabapoana;166;PARQUE SANTA ROSA;"EMEI DR. CARLOS NUNES";;26;6,19%;5
LOCAL;Bom Jesus do Itabapoana;166;ALTO SANTA ROSA;"COLÉGIO MUNICIPAL DR. CARLOS NUNES";;19;5,18%;5
LOCAL;Bom Jesus do Itabapoana;166;NOVA SANTA ROSA;"ESCOLA ESTADUAL PROFª LÚCIA MOTA";;19;4,52%;5
LOCAL;Bom Jesus do Itabapoana;166;VILA AMÉRICA;"C.M. DR. CARLOS NUNES";;19;5,28%;2
LOCAL;Bom Jesus do Itabapoana;166;JARDIM AMÉRICA;"C.E. SÃO FRANCISCO";;18;4,29%;5
SECAO;Bom Jesus do Itabapoana;166;CENTRO;"E.M. MARIA DAS GRAÇAS";010;49;11,67%;3
SECAO;Bom Jesus do Itabapoana;166;ALTO SÃO JOSÉ;"C.M. JOSÉ DA SILVA";042;49;11,67%;4
SECAO;Bom Jesus do Itabapoana;166;PARQUE SÃO JOSÉ;"COLÉGIO MUNICIPAL JOSÉ DA SILVA";030;48;11,43%;1
SECAO;Bom Jesus do Itabapoana;166;JARDIM SÃO JOSÉ;"E.E. JOSÉ DA SILVA";023;40;9,52%;4
SECAO;Bom Jesus do Itabapoana;166;NOVA SÃO JOSÉ;"E.M. ANTÔNIO PEREIRA";046;38;9,05%;1
SECAO;Bom Jesus do Itabapoana;166;JARDIM SÃO JOSÉ;"CIEP 103 – JARDIM SÃO JOSÉ";029;33;7,86%;4
SECAO;Bom Jesus do Itabapoana;166;CENTRO;"C.E. JOSÉ DA SILVA";019;28;6,67%;3
SECAO;Bom Jesus do Itabapoana;166;VILA SANTA ROSA;"C.E. MARIA DAS GRAÇAS";050;28;6,67%;5
SECAO;Bom Jesus do Itabapoana;166;JARDIM SANTA ROSA;"E.E. MARIA DAS GRAÇAS";053;28;6,67%;2
SECAO;Bom Jesus do Itabapoana;166;PARQUE SÃO JOSÉ;"ESCOLA ESTADUAL ANTÔNIO PEREIRA";038;26;6,19%;4
SECAO;Bom Jesus do Itabapoana;166;PARQUE SANTA ROSA;"EMEI DR. CARLOS NUNES";056;26;6,19%;4
SECAO;Bom Jesus do Itabapoana;166;CENTRO;"E.M. MARIA DAS GRAÇAS";013;25;5,95%;2
SECAO;Bom Jesus do Itabapoana;166;JARDIM SÃO JOSÉ;"E.E. JOSÉ DA SILVA";024;22;5,24%;3
SECAO;Bom Jesus do Itabapoana;166;CENTRO;"E.M. MARIA DAS GRAÇAS";017;21;5,00%;2
SECAO;Bom Jesus do Itabapoana;166;ALTO SANTA ROSA;"COLÉGIO MUNICIPAL DR. CARLOS NUNES";057;19;5,18%;2
SECAO;Bom Jesus do Itabapoana;166;NOVA SANTA ROSA;"ESCOLA ESTADUAL PROFª LÚCIA MOTA";059;19;4,52%;3
SECAO;Bom Jesus do Itabapoana;166;VILA AMÉRICA;"C.M. DR. CARLOS NUNES";062;19;5,28%;5
SECAO;Bom Jesus do Itabapoana;166;ALTO SÃO JOSÉ;"C.M. JOSÉ DA SILVA";044;18;4,29%;3
SECAO;Bom Jesus do Itabapoana;166;JARDIM AMÉRICA;"C.E. SÃO FRANCISCO";064;18;4,29%;4
SECAO;Bom Jesus do Itabapoana;166;PARQUE SÃO JOSÉ;"COLÉGIO MUNICIPAL JOSÉ DA SILVA";033;14;4,24%;3
SECAO;Bom Jesus do Itabapoana;166;JARDIM SÃO JOSÉ;"E.E. JOSÉ DA SILVA";026;11;4,26%;3
SECAO;Bom Jesus do Itabapoana;166;PARQUE SÃO JOSÉ;"COLÉGIO MUNICIPAL JOSÉ DA SILVA";034;11;3,04%;7
MUNICIPIO;Italva;;;;;455;5,23%;4
ZONA;Italva;167;;;;455;5,23%;4
BAIRRO;Italva;;CENTRO;;;129;5,92%;4
BAIRRO;Italva;;JARDIM SÃO JOSÉ;;;98;4,44%;4
BAIRRO;Italva;;PARQUE SÃO JOSÉ;;;54;4,88%;4
BAIRRO;Italva;;ALTO SÃO JOSÉ;;;50;4,67%;4
BAIRRO;Italva;;NOVA SÃO JOSÉ;;;45;6,43%;3
BAIRRO;Italva;;VILA SANTA ROSA;;;24;3,43%;5
BAIRRO;Italva;;JARDIM SANTA ROSA;;;19;4,47%;4
BAIRRO;Italva;;PARQUE SANTA ROSA;;;18;6,03%;4
BAIRRO;Italva;;ALTO SANTA ROSA;;;18;4,06%;5
LOCAL;Italva;167;CENTRO;"E.M. MARIA DAS GRAÇAS";;85;9,57%;3
LOCAL;Italva;167;JARDIM SÃO JOSÉ;"E.E. PROFª LÚCIA MOTA";;69;6,77%;3
LOCAL;Italva;167;PARQUE SÃO JOSÉ;"COLÉGIO MUNICIPAL JOSÉ DA SILVA";;54;8,13%;3
LOCAL;Italva;167;ALTO SÃO JOSÉ;"ESCOLA ESTADUAL MARIA DAS GRAÇAS";;50;7,79%;3
LOCAL;Italva;167;NOVA SÃO JOSÉ;"C.M. PROFª LÚCIA MOTA";;45;10,71%;2
LOCAL;Italva;167;CENTRO;"C.E. MARIA DAS GRAÇAS";;44;10,48%;2
LOCAL;Italva;167;JARDIM SÃO JOSÉ;"CIEP 103 – JARDIM SÃO JOSÉ";;29;9,48%;3
LOCAL;Italva;167;VILA SANTA ROSA;"E.M. DR. CARLOS NUNES";;24;5,71%;4
LOCAL;Italva;167;JARDIM SANTA ROSA;"C.E. PROFª LÚCIA MOTA";;19;7,45%;3
LOCAL;Italva;167;PARQUE SANTA ROSA;"E.E. ANTÔNIO PEREIRA";;18;10,06%;3
LOCAL;Italva;167;ALTO SANTA ROSA;"EMEI DR. CARLOS NUNES";;18;6,77%;3
SECAO;Italva;167;NOVA SÃO JOSÉ;"C.M. PROFª LÚCIA MOTA";046;45;10,71%;2
SECAO;Italva;167;CENTRO;"C.E. MARIA DAS GRAÇAS";016;44;10,48%;2
SECAO;Italva;167;PARQUE SÃO JOSÉ;"COLÉGIO MUNICIPAL JOSÉ DA SILVA";033;40;9,52%;3
SECAO;Italva;167;CENTRO;"E.M. MARIA DAS GRAÇAS";008;37;10,57%;2
SECAO;Italva;167;JARDIM SÃO JOSÉ;"E.E. PROFª LÚCIA MOTA";020;37;8,81%;3
SECAO;Italva;167;CENTRO;"E.M. MARIA DAS GRAÇAS";012;36;10,14%;3
SECAO;Italva;167;ALTO SÃO JOSÉ;"ESCOLA ESTADUAL MARIA DAS GRAÇAS";038;30;7,14%;3
SECAO;Italva;167;JARDIM SÃO JOSÉ;"CIEP 103 – JARDIM SÃO JOSÉ";030;29;9,48%;3
SECAO;Italva;167;VILA SANTA ROSA;"E.M. DR. CARLOS NUNES";049;24;5,71%;4
SECAO;Italva;167;JARDIM SÃO JOSÉ;"E.E. PROFª LÚCIA MOTA";024;22;7,14%;3
SECAO;Italva;167;ALTO SÃO JOSÉ;"ESCOLA ESTADUAL MARIA DAS GRAÇAS";042;20;9,01%;3
SECAO;Italva;167;JARDIM SANTA ROSA;"C.E. PROFª LÚCIA MOTA";051;19;7,45%;3
SECAO;Italva;167;PARQUE SANTA ROSA;"E.E. ANTÔNIO PEREIRA";052;18;10,06%;3
SECAO;Italva;167;ALTO SANTA ROSA;"EMEI DR. CARLOS NUNES";054;18;6,77%;3
SECAO;Italva;167;PARQUE SÃO JOSÉ;"COLÉGIO MUNICIPAL JOSÉ DA SILVA";035;14;5,74%;4
SECAO;Italva;167;CENTRO;"E.M. MARIA DAS GRAÇAS";013;12;6,56%;3
SECAO;Italva;167;JARDIM SÃO JOSÉ;"E.E. PROFª LÚCIA MOTA";028;10;3,44%;5
MUNICIPIO;Conceição de Macabu;;;;;420;3,33%;7
ZONA;Conceição de Macabu;168;;;;420;3,33%;7
BAIRRO;Conceição de Macabu;;CENTRO;;;117;4,37%;6
BAIRRO;Conceição de Macabu;;JARDIM SÃO JOSÉ;;;86;4,43%;4
BAIRRO;Conceição de Macabu;;PARQUE SÃO JOSÉ;;;57;4,45%;8
BAIRRO;Conceição de Macabu;;ALTO SÃO JOSÉ;;;38;5,43%;3
BAIRRO;Conceição de Macabu;;NOVA SÃO JOSÉ;;;31;4,43%;4
BAIRRO;Conceição de Macabu;;VILA SANTA ROSA;;;26;3,81%;6
BAIRRO;Conceição de Macabu;;JARDIM SANTA ROSA;;;25;3,57%;7
BAIRRO;Conceição de Macabu;;PARQUE SANTA ROSA;;;22;3,14%;9
BAIRRO;Conceição de Macabu;;ALTO SANTA ROSA;;;18;2,57%;7
LOCAL;Conceição de Macabu;168;CENTRO;"E.M. JOSÉ DA SILVA";;86;7,24%;4
LOCAL;Conceição de Macabu;168;PARQUE SÃO JOSÉ;"COLÉGIO MUNICIPAL JOSÉ DA SILVA";;57;7,42%;5
LOCAL;Conceição de Macabu;168;JARDIM SÃO JOSÉ;"E.E. MARIA DAS GRAÇAS";;49;6,58%;2
LOCAL;Conceição de Macabu;168;ALTO SÃO JOSÉ;"ESCOLA ESTADUAL PROFª LÚCIA MOTA";;38;9,05%;1
LOCAL;Conceição de Macabu;168;JARDIM SÃO JOSÉ;"CIEP 103 – JARDIM SÃO JOSÉ";;37;8,81%;4
LOCAL;Conceição de Macabu;168;CENTRO;"C.E. PROFª LÚCIA MOTA";;31;7,38%;5
LOCAL;Conceição de Macabu;168;NOVA SÃO JOSÉ;"C.M. JOSÉ DA SILVA";;31;7,38%;4
LOCAL;Conceição de Macabu;168;VILA SANTA ROSA;"E.M. DR. CARLOS NUNES";;26;6,36%;4
LOCAL;Conceição de Macabu;168;JARDIM SANTA ROSA;"C.E. DR. CARLOS NUNES";;25;5,95%;4
LOCAL;Conceição de Macabu;168;PARQUE SANTA ROSA;"E.E. PROFª LÚCIA MOTA";;22;5,24%;7
LOCAL;Conceição de Macabu;168;ALTO SANTA ROSA;"EMEI DR. CARLOS NUNES";;18;4,29%;8
SECAO;Conceição de Macabu;168;CENTRO;"E.M. JOSÉ DA SILVA";022;49;11,67%;3
SECAO;Conceição de Macabu;168;PARQUE SÃO JOSÉ;"COLÉGIO MUNICIPAL JOSÉ DA SILVA";039;40;9,52%;3
SECAO;Conceição de Macabu;168;JARDIM SÃO JOSÉ;"E.E. MARIA DAS GRAÇAS";033;39;9,29%;2
SECAO;Conceição de Macabu;168;ALTO SÃO JOSÉ;"ESCOLA ESTADUAL PROFª LÚCIA MOTA";047;38;9,05%;4
SECAO;Conceição de Macabu;168;JARDIM SÃO JOSÉ;"CIEP 103 – JARDIM SÃO JOSÉ";037;37;8,81%;5
SECAO;Conceição de Macabu;168;CENTRO;"C.E. PROFª LÚCIA MOTA";031;31;7,38%;3
SECAO;Conceição de Macabu;168;NOVA SÃO JOSÉ;"C.M. JOSÉ DA SILVA";048;31;7,38%;4
SECAO;Conceição de Macabu;168;VILA SANTA ROSA;"E.M. DR. CARLOS NUNES";052;26;6,36%;3
SECAO;Conceição de Macabu;168;JARDIM SANTA ROSA;"C.E. DR. CARLOS NUNES";054;25;5,95%;5
SECAO;Conceição de Macabu;168;CENTRO;"E.M. JOSÉ DA SILVA";024;22;6,32%;6
SECAO;Conceição de Macabu;168;PARQUE SANTA ROSA;"E.E. PROFª LÚCIA MOTA";057;22;5,24%;6
SECAO;Conceição de Macabu;168;ALTO SANTA ROSA;"EMEI DR. CARLOS NUNES";058;18;4,29%;6
SECAO;Conceição de Macabu;168;CENTRO;"E.M. JOSÉ DA SILVA";028;15;3,57%;7
SECAO;Conceição de Macabu;168;JARDIM SÃO JOSÉ;"E.E. MARIA DAS GRAÇAS";034;10;3,08%;7
SECAO;Conceição de Macabu;168;PARQUE SÃO JOSÉ;"COLÉGIO MUNICIPAL JOSÉ DA SILVA";042;9;4,76%;4
SECAO;Conceição de Macabu;168;PARQUE SÃO JOSÉ;"COLÉGIO MUNICIPAL JOSÉ DA SILVA";044;8;5,03%;3
MUNICIPIO;São Gonçalo;;;;;395;0,09%;96
ZONA;São Gonçalo;132;;;;81;0,11%;109
ZONA;São Gonçalo;135;;;;75;0,11%;100
ZONA;São Gonçalo;068;;;;62;0,10%;92
ZONA;São Gonçalo;036;;;;57;0,10%;118
ZONA;São Gonçalo;087;;;;48;0,07%;121
ZONA;São Gonçalo;133;;;;37;0,06%;102
ZONA;São Gonçalo;069;;;;35;0,06%;79
BAIRRO;São Gonçalo;;CENTRO;;;144;3,43%;7
BAIRRO;São Gonçalo;;JARDIM SÃO JOSÉ;;;53;3,79%;8
BAIRRO;São Gonçalo;;PARQUE SÃO JOSÉ;;;46;3,29%;10
BAIRRO;São Gonçalo;;ALTO SÃO JOSÉ;;;35;5,00%;5
BAIRRO;São Gonçalo;;NOVA SÃO JOSÉ;;;34;4,86%;4
BAIRRO;São Gonçalo;;VILA SANTA ROSA;;;33;1,69%;11
BAIRRO;São Gonçalo;;JARDIM SANTA ROSA;;;26;0,77%;23
BAIRRO;São Gonçalo;;PARQUE SANTA ROSA;;;24;3,43%;9
LOCAL;São Gonçalo;132;CENTRO;"E.M. ANTÔNIO PEREIRA";;56;6,67%;4
LOCAL;São Gonçalo;135;JARDIM SÃO JOSÉ;"CIEP 103 – JARDIM SÃO JOSÉ";;53;6,31%;5
LOCAL;São Gonçalo;068;PARQUE SÃO JOSÉ;"COLÉGIO MUNICIPAL ANTÔNIO PEREIRA";;46;5,48%;7
LOCAL;São Gonçalo;036;CENTRO;"C.E. JOSÉ DA SILVA";;44;5,24%;5
LOCAL;São Gonçalo;087;CENTRO;"E.E. JOSÉ DA SILVA";;44;5,24%;5
LOCAL;São Gonçalo;133;ALTO SÃO JOSÉ;"ESCOLA ESTADUAL ANTÔNIO PEREIRA";;35;8,33%;5
LOCAL;São Gonçalo;069;NOVA SÃO JOSÉ;"C.M. ANTÔNIO PEREIRA";;34;8,10%;3
LOCAL;São Gonçalo;135;VILA SANTA ROSA;"E.M. DR. CARLOS NUNES";;33;2,81%;10
LOCAL;São Gonçalo;036;JARDIM SANTA ROSA;"C.E. PROFª LÚCIA MOTA";;26;1,29%;13
LOCAL;São Gonçalo;132;PARQUE SANTA ROSA;"E.E. DR. CARLOS NUNES";;24;5,71%;5
SECAO;São Gonçalo;133;ALTO SÃO JOSÉ;"ESCOLA ESTADUAL ANTÔNIO PEREIRA";006;35;8,33%;2
SECAO;São Gonçalo;036;CENTRO;"C.E. JOSÉ DA SILVA";005;34;8,10%;4
SECAO;São Gonçalo;069;NOVA SÃO JOSÉ;"C.M. ANTÔNIO PEREIRA";011;34;8,10%;5
SECAO;São Gonçalo;132;CENTRO;"E.M. ANTÔNIO PEREIRA";020;32;7,62%;4
SECAO;São Gonçalo;135;JARDIM SÃO JOSÉ;"CIEP 103 – JARDIM SÃO JOSÉ";029;32;7,62%;3
SECAO;São Gonçalo;087;CENTRO;"E.E. JOSÉ DA SILVA";014;31;7,38%;3
SECAO;São Gonçalo;068;PARQUE SÃO JOSÉ;"COLÉGIO MUNICIPAL ANTÔNIO PEREIRA";009;28;6,67%;7
SECAO;São Gonçalo;132;CENTRO;"E.M. ANTÔNIO PEREIRA";023;24;5,71%;7
SECAO;São Gonçalo;132;PARQUE SANTA ROSA;"E.E. DR. CARLOS NUNES";030;24;5,71%;5
SECAO;São Gonçalo;135;VILA SANTA ROSA;"E.M. DR. CARLOS NUNES";035;22;5,24%;5
SECAO;São Gonçalo;135;JARDIM SÃO JOSÉ;"CIEP 103 – JARDIM SÃO JOSÉ";032;21;5,00%;7
SECAO;São Gonçalo;068;PARQUE SÃO JOSÉ;"COLÉGIO MUNICIPAL ANTÔNIO PEREIRA";012;18;4,29%;7
SECAO;São Gonçalo;087;CENTRO;"E.E. JOSÉ DA SILVA";015;13;3,10%;9
SECAO;São Gonçalo;036;JARDIM SANTA ROSA;"C.E. PROFª LÚCIA MOTA";009;13;3,10%;7
SECAO;São Gonçalo;036;CENTRO;"C.E. JOSÉ DA SILVA";008;10;2,38%;10
SECAO;São Gonçalo;068;VILA SANTA ROSA;"E.M. DR. CARLOS NUNES";019;10;2,38%;8
SECAO;São Gonçalo;068;JARDIM SANTA ROSA;"C.E. PROFª LÚCIA MOTA";016;6;1,43%;13
SECAO;São Gonçalo;087;JARDIM SANTA ROSA;"C.E. PROFª LÚCIA MOTA";018;4;0,95%;16
SECAO;São Gonçalo;133;JARDIM SANTA ROSA;"C.E. PROFª LÚCIA MOTA";008;2;0,48%;29
SECAO;São Gonçalo;132;VILA SANTA ROSA;"E.M. DR. CARLOS NUNES";027;1;0,30%;43
SECAO;São Gonçalo;069;JARDIM SANTA ROSA;"C.E. PROFª LÚCIA MOTA";013;1;0,30%;43
MUNICIPIO;Rio das Ostras;;;;;360;0,48%;33
ZONA;Rio das Ostras;169;;;;360;0,48%;33
BAIRRO;Rio das Ostras;;CENTRO;;;102;3,64%;6
BAIRRO;Rio das Ostras;;JARDIM SÃO JOSÉ;;;94;4,48%;8
BAIRRO;Rio das Ostras;;PARQUE SÃO JOSÉ;;;60;4,29%;7
BAIRRO;Rio das Ostras;;ALTO SÃO JOSÉ;;;35;5,00%;6
BAIRRO;Rio das Ostras;;NOVA SÃO JOSÉ;;;26;3,71%;6
BAIRRO;Rio das Ostras;;VILA SANTA ROSA;;;25;3,57%;8
BAIRRO;Rio das Ostras;;JARDIM SANTA ROSA;;;18;2,57%;11
LOCAL;Rio das Ostras;169;JARDIM SÃO JOSÉ;"E.E. PROFª LÚCIA MOTA";;73;8,69%;4
LOCAL;Rio das Ostras;169;PARQUE SÃO JOSÉ;"COLÉGIO MUNICIPAL ANTÔNIO PEREIRA";;60;7,14%;6
LOCAL;Rio das Ostras;169;CENTRO;"E.M. ANTÔNIO PEREIRA";;52;6,19%;6
LOCAL;Rio das Ostras;169;CENTRO;"C.E. MARIA DAS GRAÇAS";;50;5,95%;4
LOCAL;Rio das Ostras;169;ALTO SÃO JOSÉ;"ESCOLA ESTADUAL ANTÔNIO PEREIRA";;35;8,33%;4
LOCAL;Rio das Ostras;169;NOVA SÃO JOSÉ;"C.M. PROFª LÚCIA MOTA";;26;6,19%;6
LOCAL;Rio das Ostras;169;VILA SANTA ROSA;"E.E. MARIA DAS GRAÇAS";;25;5,95%;6
LOCAL;Rio das Ostras;169;JARDIM SÃO JOSÉ;"CIEP 103 – JARDIM SÃO JOSÉ";;21;5,00%;5
LOCAL;Rio das Ostras;169;JARDIM SANTA ROSA;"EMEI PROFª LÚCIA MOTA";;18;4,29%;9
SECAO;Rio das Ostras;169;PARQUE SÃO JOSÉ;"COLÉGIO MUNICIPAL ANTÔNIO PEREIRA";027;46;10,95%;6
SECAO;Rio das Ostras;169;JARDIM SÃO JOSÉ;"E.E. PROFª LÚCIA MOTA";021;39;9,29%;3
SECAO;Rio das Ostras;169;CENTRO;"C.E. MARIA DAS GRAÇAS";018;36;8,57%;6
SECAO;Rio das Ostras;169;CENTRO;"E.M. ANTÔNIO PEREIRA";012;35;8,33%;6
SECAO;Rio das Ostras;169;ALTO SÃO JOSÉ;"ESCOLA ESTADUAL ANTÔNIO PEREIRA";033;35;8,33%;2
SECAO;Rio das Ostras;169;JARDIM SÃO JOSÉ;"E.E. PROFª LÚCIA MOTA";022;34;8,10%;5
SECAO;Rio das Ostras;169;NOVA SÃO JOSÉ;"C.M. PROFª LÚCIA MOTA";035;26;6,19%;7
SECAO;Rio das Ostras;169;VILA SANTA ROSA;"E.E. MARIA DAS GRAÇAS";037;25;5,95%;7
SECAO;Rio das Ostras;169;JARDIM SÃO JOSÉ;"CIEP 103 – JARDIM SÃO JOSÉ";023;21;5,00%;8
SECAO;Rio das Ostras;169;JARDIM SANTA ROSA;"EMEI PROFª LÚCIA MOTA";041;18;4,29%;7
SECAO;Rio das Ostras;169;CENTRO;"E.M. ANTÔNIO PEREIRA";015;17;4,05%;8
SECAO;Rio das Ostras;169;CENTRO;"C.E. MARIA DAS GRAÇAS";019;14;3,33%;9
SECAO;Rio das Ostras;169;PARQUE SÃO JOSÉ;"COLÉGIO MUNICIPAL ANTÔNIO PEREIRA";029;14;3,33%;8
MUNICIPIO;Cambuci;;;;;330;3,51%;5
ZONA;Cambuci;170;;;;330;3,51%;5
BAIRRO;Cambuci;;CENTRO;;;101;4,81%;4
BAIRRO;Cambuci;;JARDIM SÃO JOSÉ;;;90;4,29%;4
BAIRRO;Cambuci;;PARQUE SÃO JOSÉ;;;68;4,12%;4
BAIRRO;Cambuci;;ALTO SÃO JOSÉ;;;36;5,14%;4
BAIRRO;Cambuci;;NOVA SÃO JOSÉ;;;19;3,76%;5
BAIRRO;Cambuci;;VILA SANTA ROSA;;;16;2,29%;7
LOCAL;Cambuci;170;PARQUE SÃO JOSÉ;"COLÉGIO MUNICIPAL JOSÉ DA SILVA";;68;6,87%;3
LOCAL;Cambuci;170;CENTRO;"E.M. ANTÔNIO PEREIRA";;63;7,50%;3
LOCAL;Cambuci;170;JARDIM SÃO JOSÉ;"E.E. PROFª LÚCIA MOTA";;56;6,67%;3
LOCAL;Cambuci;170;CENTRO;"C.E. JOSÉ DA SILVA";;38;9,05%;3
LOCAL;Cambuci;170;ALTO SÃO JOSÉ;"ESCOLA ESTADUAL PROFª LÚCIA MOTA";;36;8,57%;3
LOCAL;Cambuci;170;JARDIM SÃO JOSÉ;"CIEP 103 – JARDIM SÃO JOSÉ";;34;8,10%;3
LOCAL;Cambuci;170;NOVA SÃO JOSÉ;"C.M. MARIA DAS GRAÇAS";;19;6,27%;3
LOCAL;Cambuci;170;VILA SANTA ROSA;"E.M. DR. CARLOS NUNES";;16;3,81%;5
SECAO;Cambuci;170;CENTRO;"C.E. JOSÉ DA SILVA";018;38;9,05%;3
SECAO;Cambuci;170;ALTO SÃO JOSÉ;"ESCOLA ESTADUAL PROFª LÚCIA MOTA";037;36;8,57%;3
SECAO;Cambuci;170;JARDIM SÃO JOSÉ;"E.E. PROFª LÚCIA MOTA";021;35;8,33%;3
SECAO;Cambuci;170;JARDIM SÃO JOSÉ;"CIEP 103 – JARDIM SÃO JOSÉ";027;34;8,10%;3
SECAO;Cambuci;170;CENTRO;"E.M. ANTÔNIO PEREIRA";014;33;7,86%;3
SECAO;Cambuci;170;PARQUE SÃO JOSÉ;"COLÉGIO MUNICIPAL JOSÉ DA SILVA";029;31;7,38%;3
SECAO;Cambuci;170;CENTRO;"E.M. ANTÔNIO PEREIRA";017;30;7,14%;3
SECAO;Cambuci;170;PARQUE SÃO JOSÉ;"COLÉGIO MUNICIPAL JOSÉ DA SILVA";032;29;6,90%;3
SECAO;Cambuci;170;JARDIM SÃO JOSÉ;"E.E. PROFª LÚCIA MOTA";024;21;5,00%;4
SECAO;Cambuci;170;NOVA SÃO JOSÉ;"C.M. MARIA DAS GRAÇAS";038;19;6,27%;3
SECAO;Cambuci;170;VILA SANTA ROSA;"E.M. DR. CARLOS NUNES";041;16;3,81%;5
SECAO;Cambuci;170;PARQUE SÃO JOSÉ;"COLÉGIO MUNICIPAL JOSÉ DA SILVA";036;8;5,33%;4
MUNICIPIO;Miracema;;;;;300;1,91%;9
ZONA;Miracema;171;;;;300;1,91%;9
BAIRRO;Miracema;;CENTRO;;;116;4,14%;7
BAIRRO;Miracema;;JARDIM SÃO JOSÉ;;;82;4,42%;3
BAIRRO;Miracema;;PARQUE SÃO JOSÉ;;;27;3,86%;5
BAIRRO;Miracema;;ALTO SÃO JOSÉ;;;27;3,86%;8
BAIRRO;Miracema;;NOVA SÃO JOSÉ;;;25;3,57%;7
BAIRRO;Miracema;;VILA SANTA ROSA;;;23;3,29%;7
LOCAL;Miracema;171;JARDIM SÃO JOSÉ;"E.E. MARIA DAS GRAÇAS";;82;7,36%;5
LOCAL;Miracema;171;CENTRO;"E.M. PROFª LÚCIA MOTA";;75;5,95%;4
LOCAL;Miracema;171;CENTRO;"C.E. PROFª LÚCIA MOTA";;41;9,76%;4
LOCAL;Miracema;171;PARQUE SÃO JOSÉ;"CIEP 103 – PARQUE SÃO JOSÉ";;27;6,43%;6
LOCAL;Miracema;171;ALTO SÃO JOSÉ;"COLÉGIO MUNICIPAL JOSÉ DA SILVA";;27;6,43%;3
LOCAL;Miracema;171;NOVA SÃO JOSÉ;"ESCOLA ESTADUAL ANTÔNIO PEREIRA";;25;5,95%;6
LOCAL;Miracema;171;VILA SANTA ROSA;"C.M. JOSÉ DA SILVA";;23;5,48%;6
SECAO;Miracema;171;JARDIM SÃO JOSÉ;"E.E. MARIA DAS GRAÇAS";015;42;10,00%;5
SECAO;Miracema;171;CENTRO;"E.M. PROFª LÚCIA MOTA";004;41;9,76%;4
SECAO;Miracema;171;CENTRO;"C.E. PROFª LÚCIA MOTA";011;41;9,76%;2
SECAO;Miracema;171;JARDIM SÃO JOSÉ;"E.E. MARIA DAS GRAÇAS";016;32;7,62%;5
SECAO;Miracema;171;PARQUE SÃO JOSÉ;"CIEP 103 – PARQUE SÃO JOSÉ";020;27;6,43%;4
SECAO;Miracema;171;ALTO SÃO JOSÉ;"COLÉGIO MUNICIPAL JOSÉ DA SILVA";024;27;6,43%;5
SECAO;Miracema;171;CENTRO;"E.M. PROFª LÚCIA MOTA";007;25;5,95%;5
SECAO;Miracema;171;NOVA SÃO JOSÉ;"ESCOLA ESTADUAL ANTÔNIO PEREIRA";027;25;5,95%;4
SECAO;Miracema;171;VILA SANTA ROSA;"C.M. JOSÉ DA SILVA";029;23;5,48%;4
SECAO;Miracema;171;CENTRO;"E.M. PROFª LÚCIA MOTA";010;9;2,14%;8
SECAO;Miracema;171;JARDIM SÃO JOSÉ;"E.E. MARIA DAS GRAÇAS";018;8;2,92%;9
MUNICIPIO;Cabo Frio;;;;;265;0,20%;71
ZONA;Cabo Frio;256;;;;161;0,24%;88
ZONA;Cabo Frio;096;;;;104;0,16%;56
BAIRRO;Cabo Frio;;CENTRO;;;90;3,21%;10
BAIRRO;Cabo Frio;;JARDIM SÃO JOSÉ;;;58;4,14%;11
BAIRRO;Cabo Frio;;PARQUE SÃO JOSÉ;;;57;4,07%;7
BAIRRO;Cabo Frio;;ALTO SÃO JOSÉ;;;32;4,57%;6
BAIRRO;Cabo Frio;;NOVA SÃO JOSÉ;;;28;4,00%;7
LOCAL;Cabo Frio;256;CENTRO;"E.M. PROFª LÚCIA MOTA";;76;6,03%;7
LOCAL;Cabo Frio;096;JARDIM SÃO JOSÉ;"E.E. JOSÉ DA SILVA";;58;6,90%;7
LOCAL;Cabo Frio;256;PARQUE SÃO JOSÉ;"CIEP 103 – PARQUE SÃO JOSÉ";;57;6,79%;8
LOCAL;Cabo Frio;096;ALTO SÃO JOSÉ;"COLÉGIO MUNICIPAL PROFª LÚCIA MOTA";;32;7,62%;5
LOCAL;Cabo Frio;256;NOVA SÃO JOSÉ;"ESCOLA ESTADUAL ANTÔNIO PEREIRA";;28;6,67%;7
LOCAL;Cabo Frio;096;CENTRO;"C.E. PROFª LÚCIA MOTA";;14;3,33%;12
SECAO;Cabo Frio;256;CENTRO;"E.M. PROFª LÚCIA MOTA";025;48;11,43%;5
SECAO;Cabo Frio;256;PARQUE SÃO JOSÉ;"CIEP 103 – PARQUE SÃO JOSÉ";035;45;10,71%;2
SECAO;Cabo Frio;096;ALTO SÃO JOSÉ;"COLÉGIO MUNICIPAL PROFª LÚCIA MOTA";006;32;7,62%;8
SECAO;Cabo Frio;096;JARDIM SÃO JOSÉ;"E.E. JOSÉ DA SILVA";004;30;7,14%;7
SECAO;Cabo Frio;096;JARDIM SÃO JOSÉ;"E.E. JOSÉ DA SILVA";005;28;6,67%;6
SECAO;Cabo Frio;256;NOVA SÃO JOSÉ;"ESCOLA ESTADUAL ANTÔNIO PEREIRA";039;28;6,67%;5
SECAO;Cabo Frio;256;CENTRO;"E.M. PROFª LÚCIA MOTA";029;21;5,00%;5
SECAO;Cabo Frio;096;CENTRO;"C.E. PROFª LÚCIA MOTA";001;14;3,33%;8
SECAO;Cabo Frio;256;PARQUE SÃO JOSÉ;"CIEP 103 – PARQUE SÃO JOSÉ";037;12;2,86%;10
SECAO;Cabo Frio;256;CENTRO;"E.M. PROFª LÚCIA MOTA";033;7;1,67%;15
MUNICIPIO;Duque de Caxias;;;;;240;0,05%;150
ZONA;Duque de Caxias;200;;;;51;0,08%;139
ZONA;Duque de Caxias;126;;;;41;0,06%;112
ZONA;Duque de Caxias;078;;;;36;0,05%;164
ZONA;Duque de Caxias;128;;;;34;0,04%;179
ZONA;Duque de Caxias;103;;;;31;0,04%;130
ZONA;Duque de Caxias;127;;;;26;0,03%;153
ZONA;Duque de Caxias;079;;;;21;0,03%;133
BAIRRO;Duque de Caxias;;CENTRO;;;75;3,57%;6
BAIRRO;Duque de Caxias;;JARDIM SÃO JOSÉ;;;48;3,43%;8
BAIRRO;Duque de Caxias;;PARQUE SÃO JOSÉ;;;46;1,31%;13
BAIRRO;Duque de Caxias;;ALTO SÃO JOSÉ;;;33;1,57%;15
BAIRRO;Duque de Caxias;;NOVA SÃO JOSÉ;;;21;3,00%;8
BAIRRO;Duque de Caxias;;VILA SANTA ROSA;;;17;2,43%;11
LOCAL;Duque de Caxias;200;CENTRO;"E.M. MARIA DAS GRAÇAS";;59;7,02%;7
LOCAL;Duque de Caxias;078;JARDIM SÃO JOSÉ;"E.E. JOSÉ DA SILVA";;48;5,71%;7
LOCAL;Duque de Caxias;128;PARQUE SÃO JOSÉ;"CIEP 103 – PARQUE SÃO JOSÉ";;46;2,19%;10
LOCAL;Duque de Caxias;079;ALTO SÃO JOSÉ;"COLÉGIO MUNICIPAL ANTÔNIO PEREIRA";;33;2,62%;7
LOCAL;Duque de Caxias;103;NOVA SÃO JOSÉ;"ESCOLA ESTADUAL ANTÔNIO PEREIRA";;21;5,00%;8
LOCAL;Duque de Caxias;127;VILA SANTA ROSA;"C.M. PROFª LÚCIA MOTA";;17;4,05%;7
LOCAL;Duque de Caxias;126;CENTRO;"C.E. PROFª LÚCIA MOTA";;16;3,81%;7
SECAO;Duque de Caxias;200;CENTRO;"E.M. MARIA DAS GRAÇAS";023;43;10,24%;6
SECAO;Duque de Caxias;078;JARDIM SÃO JOSÉ;"E.E. JOSÉ DA SILVA";012;30;7,14%;6
SECAO;Duque de Caxias;103;NOVA SÃO JOSÉ;"ESCOLA ESTADUAL ANTÔNIO PEREIRA";023;21;5,00%;6
SECAO;Duque de Caxias;079;ALTO SÃO JOSÉ;"COLÉGIO MUNICIPAL ANTÔNIO PEREIRA";029;21;5,00%;6
SECAO;Duque de Caxias;128;JARDIM SÃO JOSÉ;"E.E. JOSÉ DA SILVA";013;18;4,29%;9
SECAO;Duque de Caxias;127;VILA SANTA ROSA;"C.M. PROFª LÚCIA MOTA";029;17;4,05%;9
SECAO;Duque de Caxias;126;CENTRO;"E.M. MARIA DAS GRAÇAS";007;16;3,81%;8
SECAO;Duque de Caxias;126;CENTRO;"C.E. PROFª LÚCIA MOTA";011;16;3,81%;9
SECAO;Duque de Caxias;128;PARQUE SÃO JOSÉ;"CIEP 103 – PARQUE SÃO JOSÉ";017;16;3,81%;9
SECAO;Duque de Caxias;126;PARQUE SÃO JOSÉ;"CIEP 103 – PARQUE SÃO JOSÉ";012;9;2,14%;9
SECAO;Duque de Caxias;127;ALTO SÃO JOSÉ;"COLÉGIO MUNICIPAL ANTÔNIO PEREIRA";032;9;2,14%;9
SECAO;Duque de Caxias;200;PARQUE SÃO JOSÉ;"CIEP 103 – PARQUE SÃO JOSÉ";026;8;1,90%;13
SECAO;Duque de Caxias;103;PARQUE SÃO JOSÉ;"CIEP 103 – PARQUE SÃO JOSÉ";027;7;1,67%;12
SECAO;Duque de Caxias;078;PARQUE SÃO JOSÉ;"CIEP 103 – PARQUE SÃO JOSÉ";015;6;1,43%;12
SECAO;Duque de Caxias;103;ALTO SÃO JOSÉ;"COLÉGIO MUNICIPAL ANTÔNIO PEREIRA";022;3;0,71%;24
MUNICIPIO;Nova Iguaçu;;;;;210;0,04%;181
ZONA;Nova Iguaçu;158;;;;44;0,06%;230
ZONA;Nova Iguaçu;156;;;;42;0,05%;187
ZONA;Nova Iguaçu;157;;;;38;0,04%;169
ZONA;Nova Iguaçu;084;;;;35;0,04%;170
ZONA;Nova Iguaçu;027;;;;29;0,03%;233
ZONA;Nova Iguaçu;159;;;;22;0,03%;138
BAIRRO;Nova Iguaçu;;CENTRO;;;111;3,96%;5
BAIRRO;Nova Iguaçu;;JARDIM SÃO JOSÉ;;;33;4,71%;4
BAIRRO;Nova Iguaçu;;PARQUE SÃO JOSÉ;;;26;3,71%;7
BAIRRO;Nova Iguaçu;;ALTO SÃO JOSÉ;;;23;0,66%;28
BAIRRO;Nova Iguaçu;;NOVA SÃO JOSÉ;;;17;2,43%;9
LOCAL;Nova Iguaçu;158;CENTRO;"E.M. ANTÔNIO PEREIRA";;82;6,51%;7
LOCAL;Nova Iguaçu;084;JARDIM SÃO JOSÉ;"E.E. MARIA DAS GRAÇAS";;33;7,86%;4
LOCAL;Nova Iguaçu;027;CENTRO;"C.E. PROFª LÚCIA MOTA";;29;6,90%;5
LOCAL;Nova Iguaçu;157;PARQUE SÃO JOSÉ;"CIEP 103 – PARQUE SÃO JOSÉ";;26;6,19%;3
LOCAL;Nova Iguaçu;156;ALTO SÃO JOSÉ;"COLÉGIO MUNICIPAL JOSÉ DA SILVA";;23;1,10%;19
LOCAL;Nova Iguaçu;159;NOVA SÃO JOSÉ;"ESCOLA ESTADUAL MARIA DAS GRAÇAS";;17;4,05%;7
SECAO;Nova Iguaçu;158;CENTRO;"E.M. ANTÔNIO PEREIRA";021;39;9,29%;4
SECAO;Nova Iguaçu;156;CENTRO;"E.M. ANTÔNIO PEREIRA";005;33;7,86%;6
SECAO;Nova Iguaçu;084;JARDIM SÃO JOSÉ;"E.E. MARIA DAS GRAÇAS";022;33;7,86%;3
SECAO;Nova Iguaçu;027;CENTRO;"C.E. PROFª LÚCIA MOTA";004;29;6,90%;3
SECAO;Nova Iguaçu;157;PARQUE SÃO JOSÉ;"CIEP 103 – PARQUE SÃO JOSÉ";018;26;6,19%;6
SECAO;Nova Iguaçu;159;NOVA SÃO JOSÉ;"ESCOLA ESTADUAL MARIA DAS GRAÇAS";025;17;4,05%;5
SECAO;Nova Iguaçu;157;CENTRO;"E.M. ANTÔNIO PEREIRA";017;10;2,38%;8
SECAO;Nova Iguaçu;156;ALTO SÃO JOSÉ;"COLÉGIO MUNICIPAL JOSÉ DA SILVA";007;9;2,14%;11
SECAO;Nova Iguaçu;158;ALTO SÃO JOSÉ;"COLÉGIO MUNICIPAL JOSÉ DA SILVA";025;5;1,19%;15
SECAO;Nova Iguaçu;159;ALTO SÃO JOSÉ;"COLÉGIO MUNICIPAL JOSÉ DA SILVA";026;5;1,19%;16
SECAO;Nova Iguaçu;157;ALTO SÃO JOSÉ;"COLÉGIO MUNICIPAL JOSÉ DA SILVA";019;2;0,48%;30
SECAO;Nova Iguaçu;084;ALTO SÃO JOSÉ;"COLÉGIO MUNICIPAL JOSÉ DA SILVA";024;2;0,48%;32
MUNICIPIO;Petrópolis;;;;;180;0,10%;78
ZONA;Petrópolis;172;;;;180;0,10%;78
BAIRRO;Petrópolis;;CENTRO;;;124;4,43%;5
BAIRRO;Petrópolis;;JARDIM SÃO JOSÉ;;;37;5,29%;7
BAIRRO;Petrópolis;;PARQUE SÃO JOSÉ;;;19;2,71%;7
LOCAL;Petrópolis;172;CENTRO;"E.M. PROFª LÚCIA MOTA";;65;7,74%;3
LOCAL;Petrópolis;172;CENTRO;"C.E. MARIA DAS GRAÇAS";;59;7,02%;3
LOCAL;Petrópolis;172;JARDIM SÃO JOSÉ;"E.E. ANTÔNIO PEREIRA";;37;8,81%;4
LOCAL;Petrópolis;172;PARQUE SÃO JOSÉ;"CIEP 103 – PARQUE SÃO JOSÉ";;19;4,52%;3
SECAO;Petrópolis;172;CENTRO;"E.M. PROFª LÚCIA MOTA";022;49;11,67%;1
SECAO;Petrópolis;172;CENTRO;"C.E. MARIA DAS GRAÇAS";028;40;9,52%;2
SECAO;Petrópolis;172;JARDIM SÃO JOSÉ;"E.E. ANTÔNIO PEREIRA";032;37;8,81%;1
SECAO;Petrópolis;172;CENTRO;"C.E. MARIA DAS GRAÇAS";030;19;4,52%;5
SECAO;Petrópolis;172;PARQUE SÃO JOSÉ;"CIEP 103 – PARQUE SÃO JOSÉ";035;19;4,52%;7
SECAO;Petrópolis;172;CENTRO;"E.M. PROFª LÚCIA MOTA";024;16;3,81%;5
MUNICIPIO;Araruama;;;;;151;1,26%;206
ZONA;Araruama;173;;;;151;1,26%;206
BAIRRO;Araruama;;CENTRO;;;116;4,14%;89
BAIRRO;Araruama;;JARDIM SÃO JOSÉ;;;35;5,00%;78
LOCAL;Araruama;173;CENTRO;"E.M. PROFª LÚCIA MOTA";;92;7,30%;58
LOCAL;Araruama;173;JARDIM SÃO JOSÉ;"E.E. ANTÔNIO PEREIRA";;35;8,33%;54
LOCAL;Araruama;173;CENTRO;"C.E. PROFª LÚCIA MOTA";;24;5,71%;71
SECAO;Araruama;173;CENTRO;"E.M. PROFª LÚCIA MOTA";018;39;9,29%;49
SECAO;Araruama;173;CENTRO;"E.M. PROFª LÚCIA MOTA";020;35;8,33%;54
SECAO;Araruama;173;JARDIM SÃO JOSÉ;"E.E. ANTÔNIO PEREIRA";028;35;8,33%;55
SECAO;Araruama;173;CENTRO;"C.E. PROFª LÚCIA MOTA";025;24;5,71%;70
SECAO;Araruama;173;CENTRO;"E.M. PROFª LÚCIA MOTA";021;18;4,29%;85
MUNICIPIO;Itaboraí;;;;;126;0,21%;58
ZONA;Itaboraí;174;;;;126;0,21%;58
BAIRRO;Itaboraí;;CENTRO;;;100;4,76%;6
BAIRRO;Itaboraí;;JARDIM SÃO JOSÉ;;;26;3,71%;10
LOCAL;Itaboraí;174;CENTRO;"E.M. JOSÉ DA SILVA";;62;7,38%;4
LOCAL;Itaboraí;174;CENTRO;"C.E. MARIA DAS GRAÇAS";;38;9,05%;4
LOCAL;Itaboraí;174;JARDIM SÃO JOSÉ;"E.E. MARIA DAS GRAÇAS";;26;6,19%;5
SECAO;Itaboraí;174;CENTRO;"E.M. JOSÉ DA SILVA";024;49;11,67%;1
SECAO;Itaboraí;174;CENTRO;"C.E. MARIA DAS GRAÇAS";031;38;9,05%;2
SECAO;Itaboraí;174;JARDIM SÃO JOSÉ;"E.E. MARIA DAS GRAÇAS";034;26;6,19%;3
SECAO;Itaboraí;174;CENTRO;"E.M. JOSÉ DA SILVA";028;13;3,10%;7
MUNICIPIO;Belford Roxo;;;;;105;1,17%;64
ZONA;Belford Roxo;175;;;;105;1,17%;64
BAIRRO;Belford Roxo;;CENTRO;;;71;3,38%;28
BAIRRO;Belford Roxo;;JARDIM SÃO JOSÉ;;;34;4,86%;24
LOCAL;Belford Roxo;175;CENTRO;"E.M. ANTÔNIO PEREIRA";;71;5,63%;19
LOCAL;Belford Roxo;175;JARDIM SÃO JOSÉ;"C.E. JOSÉ DA SILVA";;34;8,10%;19
SECAO;Belford Roxo;175;CENTRO;"E.M. ANTÔNIO PEREIRA";027;40;9,52%;17
SECAO;Belford Roxo;175;JARDIM SÃO JOSÉ;"C.E. JOSÉ DA SILVA";034;34;8,10%;16
SECAO;Belford Roxo;175;CENTRO;"E.M. ANTÔNIO PEREIRA";029;23;5,48%;23
SECAO;Belford Roxo;175;CENTRO;"E.M. ANTÔNIO PEREIRA";032;8;1,90%;47
MUNICIPIO;Carapebus;;;;;88;0,05%;189
ZONA;Carapebus;176;;;;88;0,05%;189
BAIRRO;Carapebus;;CENTRO;;;51;3,64%;9
BAIRRO;Carapebus;;JARDIM SÃO JOSÉ;;;37;5,29%;9
LOCAL;Carapebus;176;CENTRO;"E.M. JOSÉ DA SILVA";;51;6,07%;6
LOCAL;Carapebus;176;JARDIM SÃO JOSÉ;"C.E. ANTÔNIO PEREIRA";;37;8,81%;3
SECAO;Carapebus;176;CENTRO;"E.M. JOSÉ DA SILVA";025;42;10,00%;7
SECAO;Carapebus;176;JARDIM SÃO JOSÉ;"C.E. ANTÔNIO PEREIRA";030;37;8,81%;3
SECAO;Carapebus;176;CENTRO;"E.M. JOSÉ DA SILVA";028;9;2,14%;12
MUNICIPIO;Santo Antônio de Pádua;;;;;73;0,12%;169
ZONA;Santo Antônio de Pádua;177;;;;73;0,12%;169
BAIRRO;Santo Antônio de Pádua;;CENTRO;;;73;5,21%;13
LOCAL;Santo Antônio de Pádua;177;CENTRO;"E.M. PROFª LÚCIA MOTA";;73;8,69%;7
SECAO;Santo Antônio de Pádua;177;CENTRO;"E.M. PROFª LÚCIA MOTA";014;39;9,29%;10
SECAO;Santo Antônio de Pádua;177;CENTRO;"E.M. PROFª LÚCIA MOTA";017;34;8,10%;7
MUNICIPIO;Laje do Muriaé;;;;;61;0,24%;49
ZONA;Laje do Muriaé;178;;;;61;0,24%;49
BAIRRO;Laje do Muriaé;;CENTRO;;;61;4,36%;8
LOCAL;Laje do Muriaé;178;CENTRO;"E.M. ANTÔNIO PEREIRA";;61;7,26%;5
SECAO;Laje do Muriaé;178;CENTRO;"E.M. ANTÔNIO PEREIRA";010;34;8,10%;3
SECAO;Laje do Muriaé;178;CENTRO;"E.M. ANTÔNIO PEREIRA";013;27;6,43%;5
MUNICIPIO;Natividade;;;;;51;0,08%;151
ZONA;Natividade;179;;;;51;0,08%;151
BAIRRO;Natividade;;CENTRO;;;51;3,64%;11
LOCAL;Natividade;179;CENTRO;"E.M. MARIA DAS GRAÇAS";;51;6,07%;7
SECAO;Natividade;179;CENTRO;"E.M. MARIA DAS GRAÇAS";020;31;7,38%;7
SECAO;Natividade;179;CENTRO;"E.M. MARIA DAS GRAÇAS";023;20;4,76%;8
MUNICIPIO;Porciúncula;;;;;42;0,35%;57
ZONA;Porciúncula;180;;;;42;0,35%;57
BAIRRO;Porciúncula;;CENTRO;;;42;6,00%;7
LOCAL;Porciúncula;180;CENTRO;"E.M. ANTÔNIO PEREIRA";;42;10,00%;4
SECAO;Porciúncula;180;CENTRO;"E.M. ANTÔNIO PEREIRA";025;42;10,00%;7
MUNICIPIO;Varre-Sai;;;;;35;0,14%;63
ZONA;Varre-Sai;181;;;;35;0,14%;63
BAIRRO;Varre-Sai;;CENTRO;;;35;5,00%;5
LOCAL;Varre-Sai;181;CENTRO;"E.M. PROFª LÚCIA MOTA";;35;8,33%;4
SECAO;Varre-Sai;181;CENTRO;"E.M. PROFª LÚCIA MOTA";030;35;8,33%;2
MUNICIPIO;São João de Meriti;;;;;29;0,32%;148
ZONA;São João de Meriti;182;;;;29;0,32%;148
BAIRRO;São João de Meriti;;CENTRO;;;29;4,14%;24
LOCAL;São João de Meriti;182;CENTRO;"E.M. JOSÉ DA SILVA";;29;6,90%;15
SECAO;São João de Meriti;182;CENTRO;"E.M. JOSÉ DA SILVA";030;29;6,90%;16
MUNICIPIO;Maricá;;;;;24;0,04%;251
ZONA;Maricá;183;;;;24;0,04%;251
BAIRRO;Maricá;;CENTRO;;;24;3,43%;10
LOCAL;Maricá;183;CENTRO;"E.M. ANTÔNIO PEREIRA";;24;5,71%;6
SECAO;Maricá;183;CENTRO;"E.M. ANTÔNIO PEREIRA";016;24;5,71%;8
MUNICIPIO;Teresópolis;;;;;20;0,22%;71
ZONA;Teresópolis;184;;;;20;0,22%;71
BAIRRO;Teresópolis;;CENTRO;;;20;2,86%;10
LOCAL;Teresópolis;184;CENTRO;"E.M. MARIA DAS GRAÇAS";;20;4,76%;9
SECAO;Teresópolis;184;CENTRO;"E.M. MARIA DAS GRAÇAS";008;20;4,76%;8
MUNICIPIO;Nova Friburgo;;;;;16;0,06%;201
ZONA;Nova Friburgo;185;;;;16;0,06%;201
BAIRRO;Nova Friburgo;;CENTRO;;;16;2,29%;14
LOCAL;Nova Friburgo;185;CENTRO;"E.M. PROFª LÚCIA MOTA";;16;3,81%;11
SECAO;Nova Friburgo;185;CENTRO;"E.M. PROFª LÚCIA MOTA";008;16;3,81%;10
MUNICIPIO;São Pedro da Aldeia;;;;;13;0,14%;55
ZONA;São Pedro da Aldeia;186;;;;13;0,14%;55
BAIRRO;São Pedro da Aldeia;;CENTRO;;;13;1,86%;10
LOCAL;São Pedro da Aldeia;186;CENTRO;"E.M. ANTÔNIO PEREIRA";;13;3,10%;6
SECAO;São Pedro da Aldeia;186;CENTRO;"E.M. ANTÔNIO PEREIRA";015;13;3,10%;6
MUNICIPIO;Casimiro de Abreu;;;;;10;0,11%;189
ZONA;Casimiro de Abreu;187;;;;10;0,11%;189
BAIRRO;Casimiro de Abreu;;CENTRO;;;10;1,43%;33
LOCAL;Casimiro de Abreu;187;CENTRO;"E.M. PROFª LÚCIA MOTA";;10;2,38%;23
SECAO;Casimiro de Abreu;187;CENTRO;"E.M. PROFª LÚCIA MOTA";027;10;2,38%;21
MUNICIPIO;Saquarema;;;;;8;0,07%;52
ZONA;Saquarema;188;;;;8;0,07%;52
BAIRRO;Saquarema;;CENTRO;;;8;1,14%;5
LOCAL;Saquarema;188;CENTRO;"E.M. PROFª LÚCIA MOTA";;8;1,90%;5
SECAO;Saquarema;188;CENTRO;"E.M. PROFª LÚCIA MOTA";004;8;1,90%;5
MUNICIPIO;Aperibé;;;;;6;0,02%;51
ZONA;Aperibé;189;;;;6;0,02%;51
BAIRRO;Aperibé;;CENTRO;;;6;0,86%;2
LOCAL;Aperibé;189;CENTRO;"E.M. ANTÔNIO PEREIRA";;6;1,43%;3
SECAO;Aperibé;189;CENTRO;"E.M. ANTÔNIO PEREIRA";023;6;1,43%;2
MUNICIPIO;Itaocara;;;;;5;0,06%;259
ZONA;Itaocara;190;;;;5;0,06%;259
BAIRRO;Itaocara;;CENTRO;;;5;0,71%;48
LOCAL;Itaocara;190;CENTRO;"E.M. PROFª LÚCIA MOTA";;5;1,19%;30
SECAO;Itaocara;190;CENTRO;"E.M. PROFª LÚCIA MOTA";020;5;1,19%;33
MUNICIPIO;São José de Ubá;;;;;4;0,02%;114
ZONA;São José de Ubá;191;;;;4;0,02%;114
BAIRRO;São José de Ubá;;CENTRO;;;4;0,57%;13
LOCAL;São José de Ubá;191;CENTRO;"E.M. PROFª LÚCIA MOTA";;4;0,95%;6
SECAO;São José de Ubá;191;CENTRO;"E.M. PROFª LÚCIA MOTA";016;4;0,95%;9
MUNICIPIO;Resende;;;;;3;0,03%;76
ZONA;Resende;192;;;;3;0,03%;76
BAIRRO;Resende;;CENTRO;;;3;0,43%;11
LOCAL;Resende;192;CENTRO;"E.M. ANTÔNIO PEREIRA";;3;0,71%;7
SECAO;Resende;192;CENTRO;"E.M. ANTÔNIO PEREIRA";015;3;0,71%;10
MUNICIPIO;Volta Redonda;;;;;3;0,03%;70
ZONA;Volta Redonda;193;;;;3;0,03%;70
BAIRRO;Volta Redonda;;CENTRO;;;3;0,43%;12
LOCAL;Volta Redonda;193;CENTRO;"E.M. PROFª LÚCIA MOTA";;3;0,71%;10
SECAO;Volta Redonda;193;CENTRO;"E.M. PROFª LÚCIA MOTA";028;3;0,71%;6
MUNICIPIO;Magé;;;;;3;0,03%;118
ZONA;Magé;194;;;;3;0,03%;118
BAIRRO;Magé;;CENTRO;;;3;0,43%;16
LOCAL;Magé;194;CENTRO;"E.M. PROFª LÚCIA MOTA";;3;0,71%;13
SECAO;Magé;194;CENTRO;"E.M. PROFª LÚCIA MOTA";029;3;0,71%;12
MUNICIPIO;Mesquita;;;;;3;0,03%;248
ZONA;Mesquita;195;;;;3;0,03%;248
BAIRRO;Mesquita;;CENTRO;;;3;0,43%;39
LOCAL;Mesquita;195;CENTRO;"E.M. MARIA DAS GRAÇAS";;3;0,71%;29
SECAO;Mesquita;195;CENTRO;"E.M. MARIA DAS GRAÇAS";016;3;0,71%;25
MUNICIPIO;Nilópolis;;;;;3;0,01%;66
ZONA;Nilópolis;196;;;;3;0,01%;66
BAIRRO;Nilópolis;;CENTRO;;;3;0,43%;3
LOCAL;Nilópolis;196;CENTRO;"E.M. JOSÉ DA SILVA";;3;0,71%;2
SECAO;Nilópolis;196;CENTRO;"E.M. JOSÉ DA SILVA";025;3;0,71%;2
MUNICIPIO;Angra dos Reis;;;;;3;0,03%;186
ZONA;Angra dos Reis;197;;;;3;0,03%;186
BAIRRO;Angra dos Reis;;CENTRO;;;3;0,43%;31
LOCAL;Angra dos Reis;197;CENTRO;"E.M. PROFª LÚCIA MOTA";;3;0,71%;21
SECAO;Angra dos Reis;197;CENTRO;"E.M. PROFª LÚCIA MOTA";010;3;0,71%;22
MUNICIPIO;Barra Mansa;;;;;3;0,01%;135
ZONA;Barra Mansa;198;;;;3;0,01%;135
BAIRRO;Barra Mansa;;CENTRO;;;3;0,43%;12
LOCAL;Barra Mansa;198;CENTRO;"E.M. ANTÔNIO PEREIRA";;3;0,71%;7
SECAO;Barra Mansa;198;CENTRO;"E.M. ANTÔNIO PEREIRA";017;3;0,71%;7
MUNICIPIO;Três Rios;;;;;3;0,01%;180
ZONA;Três Rios;201;;;;3;0,01%;180
BAIRRO;Três Rios;;CENTRO;;;3;0,43%;12
LOCAL;Três Rios;201;CENTRO;"E.M. JOSÉ DA SILVA";;3;0,71%;7
SECAO;Três Rios;201;CENTRO;"E.M. JOSÉ DA SILVA";026;3;0,71%;10
